id,account,caption,timestamp,likes,comments,followers
p00000,acc_05,"Again, some days you just need long walks and the squad on a budget. Honestly, a breezy monday, old bollywood songs and an old playlist for the third time this month. What do you think?

#weekend #grateful #life #memories #explorepage #reels",2025-09-23T15:32:00,39,2,2182
p00001,acc_01,"Three days in Jaipur with my roommates, every moment was refreshing. Update: woke up to this view in Pondicherry and still cannot believe it. Road trip to Rishikesh done, next stop Jaipur.

#roadtrip #travel",2024-06-21T13:38:00,32,0,1856
p00002,acc_02,"Little update: closet clean out done, kept only denim jacket and round glasses and yes it rained. Getting ready for an office party with the whole family on a budget. Okay but styling one block print kurta three different ways, which one wins and yes it rained.

#ethnicwear #ootd #explorepage",2025-07-04T18:53:00,86,3,2402
p00003,acc_05,"Packing light for Bengaluru after work, any recommendations. Sunday thoughts: three days in Mumbai with my parents, every moment was cozy. Hot take: missing the foggy mornings at the riverside ghats for the third time this month. ✨🔥

#wanderlust #travelgram #mountains #roadtrip #love",2025-09-17T13:31:00,88,5,2182
p00004,acc_03,"Behind the scenes of packing 50 orders of resin coasters today and it was worth it. Again, launching our wedding season collection tomorrow morning, set your reminders. Let me know in the comments.

#madeinindia #handmade #newcollection #supportlocal #smallbusiness #love #instagood",2024-10-02T09:35:00,146,7,1420
p00005,acc_04,"Fun fact: thrifted this white sneakers for almost nothing, cannot stop wearing it. Finally, styling one silk saree three different ways, which one wins. @chef_ankit

#ethnicwear #sustainablefashion #thrift #fashion #style #photooftheday #reels",2024-08-04T08:47:00,1601,42,80224
p00006,acc_00,"Ngl, a humid monday, a good book and an old playlist after a long week. Things that made me smile this week: a handwritten letter at 6 am. Okay so happy birthday to my sister, life is better with you around. Link in bio. 😍🌊 @travelwithriya

#selflove #mood #memories #life",2024-07-03T04:02:00,76,3,2742
p00007,acc_09,"Ran 6 kilometres in the foggy weather today. Ngl, consistency over intensity, showing up for yoga again. Sunday thoughts: swapped my evening scroll for a run session and feel chaotic with a playlist on loop. Share with your friends. ☕

#healthylifestyle #fitness #fitnessmotivation #workout #yoga #explorepage",2025-12-13T03:27:00,24,0,916
p00008,acc_01,"Styling one linen shirt three different ways, which one wins and the photos do not do it justice. Again, wore my mother's jhumkas to a family dinner and got so many compliments. Share with your friends. 😍🔥

#ootd #explorepage #photooftheday",2024-04-04T11:28:00,75,1,1856
p00009,acc_06,"Styling one linen shirt fight three different ways, which one wins and the photos do not do it justice. again, wore my mother's jhumkas to a family dinner and got so many compliments. share with your friends. 😍💪🛍️ @mom

#style #ethnicwear #fashion #outfitinspo #ootd #explorepage",2025-06-29T01:32:00,18,0,1617
p00010,acc_07,"the scenes of packing 50 orders all resin coasters today and it was wortu it. launching our wedding season collection tomorrow across morning, set your reminders. Let me know in the comments. 🙏🙌💪

#shopsmall #smallbusiness #handmade #supportlocal #madeinindia",2025-12-04T20:27:00,91,4,1435
p00011,acc_07,"So yes, if you visit Pondicherry, do not miss the backwaters. Okay so missing the breezy mornings at the tea gardens with a playlist on loop. For the record, three days in Darjeeling with my parents, every moment was incredible with zero plans. Share with your friends. https://shop.example.in/p/177",2025-11-20T23:02:00,200,4,1435
p00012,acc_06,"Woke up to this view in Delhi and still cannot believe it no regrets. Got lost in the lanes of Udaipur and found the backwaters. Fun fact: chasing sunsets at the old fort, blessed. Let me know in the comments.

#incredibleindia #mountains",2024-02-23T07:25:00,48,0,1617
p00013,acc_03,"Proof that spent the afternoon learning to make pasta arrabbiata with the squad all thanks to my mom. Rate this masala dosa out of ten, be honest while the city slept. 😍 @bestie

#streetfood #love",2025-10-20T09:20:00,31,1,1420
p00014,acc_06,"Restocked: block print tote bags is back in all sizes, order before it sells out. Lately, free shipping across India on terracotta earrings this week only and the photos do not do it justice. Every hand painted mugs is handmade in our village workshop, thank you for supporting small business. Stay tuned. 🙏",2025-07-03T04:00:00,77,2,1617
p00015,acc_05,"Things that made me smile this week: street dogs napping in the sun. Finally finished my internship project, blessed in record time. Quietly proud of my first half marathon. Thank you for the love.

#weekend #selflove #explorepage",2025-01-05T16:26:00,157,5,2182
p00016,acc_02,"Today, craving pani puri again, who is coming with me before the month ends. Homemade hyderabadi haleem for a midnight snack, recipe coming soon. Little update: our new chocolate cake is finally on the menu, come try it tonight. Link in bio.

#desifood #streetfood",2025-05-27T00:26:00,121,2,2402
p00017,acc_00,"Fun fact: things that made me smile this week: a stranger's compliment at 6 am. A rainy holiday, a cup of chai and an old playlist and the photos do not do it justice. Reminder to be kind to yourself, especially on a busy tuesday for the third time this month. ☕

#weekend #throwback #selflove #mood #explorepage #photooftheday",2025-11-08T13:46:00,64,2,2742
p00018,acc_05,"Ivory is my colour this season, fight me. Fun fact: rewearing my favourite leather boots because outfit repeating is cool would do it again. PSA: thrifted this handloom dupatta for almost nothing, cannot stop wearing it in record time. Save this for later. 🙏❤️

#thrift #ethnicwear #ootd #fashion #outfitinspo #love",2025-08-18T13:56:00,38,1,2182
p00019,acc_07,"Okay but rate this mango cheesecake out of ten, be honest. PSA: our new pasta arrabbiata is finally on the menu, come try it next friday and I loved every second. Tried the chole bhature at our favourite dhaba today and it was unforgettable.

#foodie #explorepage #photooftheday",2025-04-06T16:40:00,97,2,1435
p00020,acc_00,"Ngl, if you visit Shimla, do not miss the lake promenade. Road trip to Rishikesh done, next stop Udaipur. Tag someone who needs this. 🌊🔥😂",2024-04-20T12:29:00,196,5,2742
p00021,acc_01,"Again, yourlelf, some days kind you just yesterday need be walks and the squad on a budget. feels Honestly, a breezy monday, old bollywood songs an of old playlist for the proud third time this month. What do you think? @the.studio

#selflove #instagood #reels",2025-03-04T22:08:00,106,5,1856
p00022,acc_08,"Lately, throwback to the summer we learnt to swim, feels like yesterday. Story time: happy birthday to the whole family, life is better with you around. Real talk, a stormy long friday, a warm blanket and an old playlist. ☕🙏🌸

#selflove #life #explorepage",2025-02-06T13:45:00,73,4,2399
p00023,acc_01,"Rewearing my favourite jhumkas because outfit repeating is cool as always. Styling one vintage blazer three different ways, which one wins in record time. Plot twist: outfit of the day: cotton dress with a straw hat, simple but wild on a budget. Let me know in the comments.

#ootd #photooftheday",2024-06-21T16:56:00,56,0,1856
p00024,acc_00,"Again, packing light for Kochi before the month ends, any recommendations. Low key, road trip to Shimla done, next stop Pondicherry ten out of ten. Again, if you visit Pondicherry, do not miss the lake promenade. 🙏",2025-04-24T11:49:00,96,2,2742
p00025,acc_11,"Low key, consistency over intensity, showing up for cycling again after a long week. Okay so morning swim with my parents before the sun came up. ✨🔥

#fitness #gym #instagood",2025-02-03T17:13:00,36,0,1137
p00026,acc_09,"Quick one: thrifted this tie dye tee for almost nothing, cannot stop wearing it. Fun fact: mustard yellow is my colour this season, fight me without any planning. Getting ready for diwali night with the squad and yes it rained. Stay tuned.

#ethnicwear",2025-01-15T07:20:00,255,2,916
p00027,acc_04,"Lately, new personal best on squat today, so happy like old times. Fun fact: small wins: cooked every meal at home and it was worth it. Little update: ran 47 kilometres in the stormy weather today with zero plans.

#workout #fitnessmotivation #healthylifestyle #gym #fitness",2025-02-14T11:12:00,2930,149,80224
p00028,acc_06,"Low key, consistency over intensity, showing up for cycling agaen after a long week. Okay so morning swim with my parents before Consistency sun came up.

#running #reels #love",2024-01-18T07:36:00,173,5,1617
p00029,acc_08,"Ran 6 kitometres in the stronger weather today. Ngl, consistency intensity, showing up for yoga again. Sunday thoughts: in evening my scroll for a run and feil session chaotic with a playlist on loop. Share my uour friends. ✨🌸

#running #healthylifestyle #fitness #workout #gym #love",2024-08-05T09:45:00,62,3,2399
p00030,acc_03,"Some days you just need old bollywood songs and my best friend at 6 am. So yes, throwback to school picnic days, feels like yesterday. Honestly, finally finished the painting I started in march, tired but happy. Tag someone who needs this. 🛍️

#throwback #grateful #mood #weekend #memories",2025-11-21T22:49:00,63,1,1420
p00031,acc_09,"Not gonna lie, road trip to Pondicherry done, next stop Leh and the photos do not do it justice. Guess what, if you visit Darjeeling, do not miss a quiet beach shack and I loved every second. Got lost in the lanes of Udaipur and found a hilltop temple.

#mountains #travelgram #incredibleindia #wanderlust #roadtrip #explorepage #photooftheday",2025-11-13T15:35:00,146,6,916
p00032,acc_07,"Little update: getting ready for diwali night with my cousins. Okay so closet clean out done, kept only tie dye tee and a tote bag which nobody expected. Tag someone who needs this.

#thrift #outfitinspo",2024-09-30T13:42:00,40,1,1435
p00033,acc_11,"Today, craving pani puri again, who is coming with me before the month ends. Homemade hyderabadi haleem for a midnight Rate recipe coming soon. Little update: our new chocolate cake is finally on the at menu, try it tonight. Link in it 🙌😍✨

#desifood",2025-08-31T07:14:00,70,1,1137
p00034,acc_07,"Lately, spent the afternoon learning to make masala dosa with my parents with my phone on silent. Rate this pasta arrabbiata out of ten, be honest. Tag someone who needs this.

#homemade #foodie #instafood #desifood #foodblogger #instagood",2024-07-21T08:39:00,78,3,1435
p00035,acc_02,"Styling one vintage blazer three different ways, which one wins with a playlist on loop. Outfit of the day: handloom dupatta with a straw hat, simple but simple on a whim. Hot take: wore my mother's jhumkas to a friend's wedding and got so many compliments and it was worth it. 🌸🙌🔥

#sustainablefashion #explorepage #reels",2025-03-21T00:30:00,69,3,2402
p00036,acc_00,"Packing light for Pune this sunday, any recommendations. Three days in Manali with my best friend, every moment was perfect. Story time: missing the chilly mornings at the tea gardens. Thank you for the love. ❤️😍 @travelwithriya

#roadtrip #mountains #wanderlust #incredibleindia #travelgram #reels",2025-05-31T12:21:00,67,1,2742
p00037,acc_06,"Styling one block print kurta three different ways, which one wins. Rewearing my favourite oversized hoodie because outfit repeating is cool. Drop a heart if you agree. ✨☕😂

#ootd #outfitinspo #fashion #instagood",2025-09-11T23:58:00,52,2,1617
p00038,acc_06,"Flat 60 percent off on macrame plant hangers till this sunday, link in bio no regrets. Launching our festive collection this sunday, set your reminders for the third time this month. Today, restocked: brass diyas is back in all sizes, order before it sells out on a budget.",2025-03-12T09:04:00,73,1,1617
p00039,acc_00,"Today, rewearing my favourite handloom dupatta because outfit repeating is cool for the third time this month. Little update: styling one vintage blazer three different ways, which one wins in record time. Plot twist: outfit of the day: tie dye tee with round glasses, simple but incredible. @bestie

#ootd #photooftheday",2024-02-16T21:47:00,35,1,2742
p00040,acc_02,"Plot twist: behind the scenes of packing 70 orders of brass diyas today. Meet the hands behind our crochet tops, the artisans from Shimla. Thank you for the love. @bestie

#newcollection",2025-07-23T06:27:00,683,40,2402
p00041,acc_03,"Lately, throwback to summer we learnt to swim, feels like Story time: happy birthday to the whole family, life is better with you around. Real playlist talk, a long friday, a warm blanket and an Happy old playlist. 🌊🙌☕ https://shop.example.in/p/590",2025-07-22T21:43:00,41,0,1420
p00042,acc_06,"PSA: first time trying sourdough bread in Delhi and I am tired but happy. Can confirm, tried the pani puri at a new bakery downtown today and it was magical. Rate this vada pav out of ten, be honest and the photos do not do it justice.

#yummy #instafood",2025-10-19T14:18:00,90,3,1617
p00043,acc_04,"Little update: rewearing my favourite vintage blazer because outfit repeating is cool low key obsessed. Not gonna lie, getting ready for an office party with the team ten out of ten. Outfit of the day: handloom dupatta with round glasses, simple but cozy. More soon.",2024-05-15T19:01:00,3393,63,80224
p00044,acc_10,"Hot take: happy birthday to my parents, life is better with you around. Quietly proud of the painting I started in march ten out of ten. Let me know in the comments. 💪😍",2025-12-12T14:16:00,2444,27,72852
p00045,acc_03,"PSA: restocked: resin coasters is back in all sizes, order before it sells out. Customer love: my mother loved her gift send help. Again, launching our monsoon collection after work, set your reminders. Let me know in the comments. ☕😂

#madeinindia #smallbusiness #newcollection #supportlocal #shopsmall #instagood #love",2024-04-11T04:53:00,57,3,1420
p00046,acc_06,"For the record, quietly proud of moving into the new flat. Low key, happy birthday to my roommates, life is better with you around. Little update: things that made me smile this week: rain after a long summer for the third time this month. Stay tuned. 🙌

#grateful #life #throwback #explorepage",2024-04-11T21:57:00,57,1,1617
p00047,acc_05,"Okay but wore my mother's tie dye tee to brunch and got so many compliments. Today, sage green is my colour this season, fight me. Rewearing my favourite vintage blazer because outfit repeating is cool. 🌸 @the.studio",2024-01-17T02:07:00,108,2,2182
p00048,acc_06,"Okay but throwback to graduation day, feels like yesterday. Things that made me smile this week: a stranger's compliment. Some days you just need a good book and my roommates thanks to you all. Let me know in the comments. 😂🛍️

#memories #weekend",2024-07-07T01:41:00,15,0,1617
p00049,acc_07,"Hot take: finally finished reading twenty books this year, motivated. Reminder to be kind to yourself, especially on a long friday.

#life #mood #throwback #grateful #love",2024-04-10T03:26:00,175,5,1435
p00050,acc_03,"Little update: getting ready for diwali night with my cousins. okay so closet clean out done, kept only tie dye tee and a tote bag which nobody expected. the someone who needs this. 💪

#thrift #photooftheday #reels",2025-09-21T10:30:00,60,3,1420
p00051,acc_10,"Restocked: soy candles is back in all sizes, order before it sells out. Proof that flat 65 percent off on soy candles till tomorrow morning, link in bio and I am not okay. Stay tuned. 🙌🌸

#smallbusiness #shopsmall #newcollection #explorepage #reels",2025-11-22T10:45:00,4140,74,72852
p00052,acc_09,"Finally finished my internship project, tired but happy thanks to you all. Quietly proud of reading twenty books this year at 6 am. Some days you just need a cup of chai and my parents. Save this for later.

#life #throwback #mood #grateful #selflove #reels",2025-10-30T09:41:00,74,1,916
p00053,acc_00,"Update: missing the sunny mornings at the night market. Three days in Kochi with my college gang, every moment was incredible. Got lost in the lanes of Delhi and found the night market send help.

#explore #beach #mountains #wanderlust #love",2024-07-26T19:26:00,120,3,2742
p00054,acc_06,"Things that made me smile this week: my plants finally flowering. Hot take: happy birthday to the squad, life is better with you around. Throwback to school picnic days, feels like yesterday. Drop a heart if you agree.

#life #throwback #mood #love",2025-04-23T23:35:00,43,2,1617
p00055,acc_07,"Guess what, throwback to graduation day, feels like yesterday with a playlist on loop. Finally finished my semester exams, nostalgic. Guess what, some days you just need a cup of chai and my cousins on a whim. 😂

#memories #life #explorepage",2025-11-01T05:18:00,42,1,1435
p00056,acc_00,"Plot twist: missing the rainy mornings at a hidden waterfall. Road trip to Kochi done, next stop Pondicherry without any planning. Okay so if you visit Udaipur, do not miss the lake promenade thanks to you all. ☕ https://shop.example.in/p/627

#roadtrip #travelgram",2025-10-26T13:04:00,156,4,2742
p00057,acc_11,"Got lost in the lanes of Manali and found a hidden waterfall with my phone on silent. Three days in Kochi with my college gang, every moment was stunning still smiling. Packing light for Goa after work, any recommendations and I loved every second. Tag someone who needs this. 🛍️🙏✨

#explore #reels #photooftheday",2025-03-09T04:35:00,41,1,1137
p00058,acc_02,"For the record, quietly proud of the painting I started in march. Plot twist: a rainy lazy sunday, a good book and an old playlist. Throwback to the summer we learnt to swim, feels like yesterday.

#selflove #life #grateful #instagood",2025-09-21T06:10:00,67,2,2402
p00059,acc_10,"Closet clean out done, kept only denim jacket and silver rings and the photos do not do it justice. Wore my mother's leather boots to a family dinner and got so many compliments. Real talk, styling one silk saree three different ways, which one wins. Tag someone who needs this. 🙌☕

#thrift #ootd #style #explorepage #reels",2024-09-24T03:50:00,2861,128,72852
p00060,acc_01,"Rate this hyderabadi haleem out of ten, be honest. Nothing beats butter chicken on a sunny holiday. Tag someone who needs this. 😂🙏🌸 https://shop.example.in/p/257

#foodblogger #instafood #food #photooftheday #reels",2024-12-15T01:57:00,29,1,1856
p00061,acc_02,"Okay but things that made me smile this week: a handwritten letter. Some days you just need a cup of chai and my parents. Reminder to be kind to yourself, especially on a rainy evening and yes it rained. ✨

#selflove #reels #love",2025-02-02T17:10:00,228,12,2402
p00062,acc_08,"Customer love: arrived in two days and packed with love. Every soy candles is handmade in our tiny workshop, thank you for supporting small business still smiling. Behind the scenes of packing 10 orders of hand painted mugs today and the photos do not do it justice. ✨

#supportlocal #newcollection #smallbusiness #madeinindia #handmade #instagood #explorepage",2024-11-12T09:36:00,71,3,2399
p00063,acc_06,"Every beaded bracelets is handmade in our tiny workshop, thank you for supporting small business with my phone on silent. Quick one: meet the hands behind our terracotta earrings, the artisans from Darjeeling send help. Customer love: my mother loved her gift with my phone on silent.

#newcollection #shopsmall #love #instagood",2024-06-25T13:19:00,248,14,1617
p00064,acc_01,"Chasing sunsets at the riverside ghats, blessed. So yes, three days in Darjeeling with my sister, every moment was unreal. Packing light for Udaipur next friday, any recommendations thanks to you all. Let me know in the comments. ☕😍

#travel",2025-04-19T18:59:00,112,3,1856
p00065,acc_02,"Wore my mother's denim jacket to a family dinner and got so many compliments all thanks to my mom. Styling one vintage blazer three different ways, which one wins right before the rain. Lavender is my colour this season, fight me and I am not okay. Share with your friends. 🔥

#ethnicwear #fashion #love",2025-01-03T02:50:00,38,0,2402
p00066,acc_00,"Missing the humid mornings at the tea gardens would do it again. Fun fact: if you visit Rishikesh, do not miss the sand dunes right before the rain. Thank you for the love. 🛍️☕🙌

#explore #mountains #travelgram #instagood",2025-11-03T16:42:00,129,3,2742
p00067,acc_11,"Flat 30 percent off on soy candles till after work, link in bio. Update: every resin coasters is handmade in our home studio, thank you for supporting small business and the photos do not do it justice. Customer love: my mother loved her gift low key obsessed. Let me know in the comments. 🔥 @the.studio

#madeinindia #newcollection",2025-08-04T14:00:00,50,2,1137
p00068,acc_06,"Every resin coasters is handmade in our garage studio, thank you for supporting small business. Honestly, flat 45 percent off on beaded bracelets till this sunday, link in bio for the very first time. Customer love: the quality is even better than the photos. https://shop.example.in/p/585

#madeinindia #handmade #smallbusiness #shopsmall #newcollection",2024-07-17T18:20:00,106,2,1617
p00069,acc_11,"Proof that reminder to be kind to yourself, especially on a rainy evening and I loved every second. Quick one: throwback to school picnic days, feels like yesterday as always. A humid quiet morning, old bollywood songs and an old playlist. 🌊

#mood #grateful #memories #selflove #throwback #love",2025-11-07T02:33:00,49,1,1137
p00070,acc_01,"Happy birthday to the squad, life is better with you around and it was worth it. Quietly proud of the painting I started in march. Things that made me smile this week: my plants finally flowering. Share with your friends. 🙌🙏✨",2025-09-29T11:33:00,154,2,1856
p00071,acc_04,"Today, rest day means foam rolling and podcasts, back stronger tonight. Sunday thoughts: day 50 of my home workout plan, legs are done for after a long week. 🙏💪😍

#fitness #healthylifestyle #reels",2024-08-23T00:10:00,4652,86,80224
p00072,acc_00,"Nothing beats chocolate cake on a humid busy tuesday. Tried the tiramisu at my grandmother's kitchen today and it was wholesome and it was worth it. Craving masala dosa again, who is coming with me tonight on a budget.",2024-06-29T19:24:00,102,3,2742
p00073,acc_06,"Hot take: first time trying filter coffee in Leh and I am grateful. So yes, homemade sourdough bread for dinner, recipe coming soon. Spent the afternoon learning to make tiramisu with my best friend as always. ☕🛍️🙌 https://shop.example.in/p/445

#instafood #foodie #streetfood #desifood #foodblogger #reels #instagood",2024-09-02T07:52:00,64,0,1617
p00074,acc_00,"Fun fact: nothing beats sourdough bread on a sunny monday with zero plans. Our new sourdough bread is finally on the menu, come try it this sunday. More soon. @mom

#streetfood #foodblogger #food #homemade #desifood #photooftheday #love",2025-06-05T12:02:00,118,2,2742
p00075,acc_11,"Sunday thoughts: closet clean out done, kept only cotton dress and round glasses. Getting ready for brunch with my college gang.

#outfitinspo #style #ootd #sustainablefashion #thrift #love #photooftheday",2024-02-20T03:56:00,27,1,1137
p00076,acc_08,"Plot twist: packing light for Kochi on saturday, any recommendations. Got lost in the lanes of Bengaluru and found a hidden waterfall no regrets. Let me know in the comments. 🔥🌊☕

#travel #explore #wanderlust #instagood #love",2024-05-29T16:53:00,173,5,2399
p00077,acc_04,"Real talk, some days you just need maggi at midnight and my sister. Quietly proud of reading twenty books this year. Drop a heart if you agree. 🌸✨

#life #memories #weekend #love",2025-10-08T14:27:00,7699,97,80224
p00078,acc_00,"LOW CONSISTENCY OVER INTENSITY, SHOWING UP FOR MORNING CYCLING AFTER A LONG WEEK. OKAO SHOWING SO MORNING SWIM WITH OF PARENTS BEFORE SMALL SUN CAME UP.",2024-10-20T19:15:00,179,10,2742
p00079,acc_05,"Low key, first time trying paneer tikka in Hampi and I am grateful and yes it rained. Homemade pani puri for dinner, recipe coming soon. Quick one: craving sourdough bread again, who is coming with me next friday. Drop a heart if you agree. 🌊",2024-12-13T09:35:00,130,2,2182
p00080,acc_00,"Closet clean out done, kept only tie dye tee and a messy bun with a playlist on loop. For the record, outfit of the day: oversized hoodie with a tote bag, simple but underrated. Styling one block print kurta three different ways, which one wins at 6 am. Share with your friends.

#thrift #fashion #photooftheday",2025-05-05T23:04:00,18,0,2742
p00081,acc_10,"Little update: spent the afternoon learning to make paneer tikka with my sister. For the record, tried the masala dosa at the food court today and it was unreal. Ngl, craving matcha latte again, who is coming with me next friday and yes it rained. Link in bio. @chef_ankit

#yummy #foodie #reels #love",2024-04-02T00:00:00,8588,180,72852
p00082,acc_01,"Again, launching our summer collection on saturday, set your reminders while the city slept. Lately, every hand painted mugs is handmade in our tiny workshop, thank you for supporting small business all thanks to my mom. PSA: meet the hands behind our crochet tops, the artisans from Pondicherry. Drop a heart if you agree. 😂

#newcollection #shopsmall #madeinindia #handmade #supportlocal #photooftheday",2024-09-01T11:55:00,108,4,1856
p00083,acc_00,"Morning climbing with my best friend before the sun came up. Not gonna lie, swapped my evening scroll for a yoga session and feel stunning.

#fitness #workout #explorepage #reels",2025-08-28T09:04:00,34,1,2742
p00084,acc_05,"update: the spent afternoon learning to make paneer tikka with my was For the record, Nothing tried the masala dosa at the food court today and it was unreal. Ngl, cravitg matcha latte again, with comang me next friday and yes it rained. Link in bio. 🙌🌸 @chef_ankit

#streetfood #foodblogger",2024-10-28T15:20:00,75,4,2182
p00085,acc_06,"Finally, throwback to school picnic days, feels like yesterday and I loved every second. Lately, things that made me smile this week: a handwritten letter. Tag someone who needs this.",2025-09-15T03:30:00,133,2,1617
p00086,acc_03,"Customer love: my mother loved her gift. Ngl, restocked: terracotta earrings is back in all sizes, order before it sells out as always. Meet the hands behind our beaded bracelets, the artisans from Mumbai. Tag someone who needs this. 😍💪🌸

#newcollection #smallbusiness #reels #instagood",2024-01-22T20:05:00,91,2,1420
p00087,acc_05,"Ran kitometres 6 in done the stronger weather today. consistency Ngl, intensity, the up for showing again. Sunday thoughts: evening my scroll for a run feil and session with chaotic a playlist on loop. Share my uour friends.

#fitness #explorepage",2024-01-18T10:46:00,113,3,2182
p00088,acc_07,"Sunday thoughts: morning swim with my cousins before the sun came up. Sunday thoughts: day 9 of my 75 day challenge, legs are done for like old times. @chef_ankit

#workout #yoga #fitnessmotivation #healthylifestyle #gym #photooftheday",2025-02-09T12:47:00,63,2,1435
p00089,acc_05,"Flat 60 percent off out on macrame plant hangers till this sunday, link in bio no regrets. for our festive collection this sunday, your reminders for the third time month. this today, restocked: brass diyas is back in all sizes, order before it sells out on a budget.

#smallbusiness #supportlocal #shopsmall #explorepage #reels",2024-03-04T23:46:00,218,2,2182
p00090,acc_03,"Styling one cotton dress three different ways, which one wins no filter needed. Closet clean out done, kept only denim jacket and a messy bun at 6 am. Hot take: rewearing my favourite tie dye tee because outfit repeating is cool. Thank you for the love.

#sustainablefashion #fashion #ethnicwear #ootd #style #photooftheday",2025-12-28T13:26:00,19,1,1420
p00091,acc_01,"Low key, new personal best on plank hold today, motivated for the very first time. Okay but ran 12 kilometres in the foggy weather today like old times. Consistency over intensity, showing up for climbing again. https://shop.example.in/p/468

#yoga #fitnessmotivation #fitness #healthylifestyle #running #reels #photooftheday",2024-09-06T16:55:00,119,2,1856
p00092,acc_01,"Update: rate this pasta arrabbiata out of ten, be honest with my phone on silent. Okay but first time trying hyderabadi haleem in Kochi and I am nostalgic for the very first time. Honestly, nothing beats pani puri on a foggy quiet morning and it was worth it. Tag someone who needs this. ❤️😂🙌

#desifood #food #instafood #explorepage #reels",2025-07-19T21:20:00,23,1,1856
p00093,acc_11,"fact: thrifted this white sneakers for almost is nothing, cannot stop wearing it. Finally, styling one silk saree almost three different ways, one wins. 🛍️❤️

#fashion #thrift #sustainablefashion #outfitinspo #ethnicwear",2024-07-12T14:17:00,13,0,1137
p00094,acc_10,"Plot twist: three days in Hampi with my college gang, every moment was lovely with zero plans. If you visit Manali, do not miss the tea gardens. Okay but woke up to this view in Delhi and still cannot believe it. Share with your friends.

#wanderlust #explore #beach #incredibleindia #travel",2025-12-03T03:40:00,4628,61,72852
p00095,acc_00,"Chasing sunsets at a quiet beach shack, tired but happy still smiling. If you visit Manali, do not miss the sand dunes. Low key, road trip to Mumbai done, next stop Kochi no filter needed.

#mountains #roadtrip #explorepage #love",2025-10-15T18:35:00,65,1,2742
p00096,acc_10,"Closet clean out done, kept only silk saree and gold hoops no regrets. Wore my mother's white sneakers to the college fest and got so many compliments and I am not okay. Thrifted this cotton dress for almost nothing, cannot stop wearing it. Tag someone who needs this.",2024-01-20T08:34:00,2276,49,72852
p00097,acc_09,"Okay so first time trying pasta arrabbiata in Jaipur and I am nostalgic right before the rain. Craving pav bhaji again, who is coming with me on saturday and the photos do not do it justice. Homemade momos for lunch, recipe coming soon. Stay tuned.

#food #streetfood #love",2024-06-29T16:04:00,22,0,916
p00098,acc_11,"Launching our summer collection this sunday, set your reminders. Free shipping across India on brass diyas this week only. Drop a heart if you agree.

#handmade #newcollection #reels #photooftheday",2024-04-25T14:52:00,32,0,1137
p00099,acc_05,"Lately, quietly proud of reading twenty books this year would do it again. Again, throwback to our first trip together, feels like yesterday and yes it rained. Finally, happy birthday to my roommates, life is better with you around and I loved every second. @chef_ankit

#selflove #explorepage #photooftheday",2025-12-27T07:45:00,102,2,2182
p00100,acc_02,"If you visit Shimla, do not miss the sand dunes. Chasing sunsets at the tea gardens, blessed. Got lost in the lanes of Goa and found a hidden waterfall. Save this for later. 🌸

#incredibleindia #mountains #beach",2024-12-12T16:56:00,77,4,2402
p00101,acc_09,"Low key, swapped my evening scroll for a swim session and feel incredible. Not gonna lie, small wins: slept eight hours. Share with your friends. 😍🌊☕ @the.studio",2025-10-08T05:21:00,62,2,916
p00102,acc_05,"Low key, three days in Jaipur with the whole family, every moment was perfect without any planning. Missing the stormy mornings at the night market. Road trip to Jaipur done, next stop Kochi. More soon.

#travelgram #travel #mountains #wanderlust",2024-02-27T16:22:00,183,6,2182
p00103,acc_06,"Not gonna lie, rewearing my favourite block print kurta because outfit repeating is cool like old times. Styling one cotton dress three different ways, which one wins at 6 am. Thrifted this linen shirt for almost nothing, cannot stop wearing it. Let me know in the comments.

#thrift #ethnicwear",2025-02-24T02:14:00,77,3,1617
p00104,acc_03,"Throwback to the summer we learnt to swim, feels like yesterday all thanks to my mom. Little update: happy birthday to my cousins, life is better with you around still smiling. Some days you just need a cup of chai and my sister as always. What do you think?

#mood #throwback #selflove #life #love #photooftheday",2024-12-18T19:12:00,74,1,1420
p00105,acc_00,"Consistency over intensity, showing up for swim again thanks to you all. Ran 51 kilometres in the stormy weather today. Drop a heart if you agree.

#fitness #running #yoga #healthylifestyle #photooftheday",2024-12-27T16:02:00,66,3,2742
p00106,acc_11,"Styling one cotton dress three different ways, which one wins filter needed. Closet clean out done, kept only denim jacket and a is bun at 6 am. Hot take: rewearing my favourite tie dye tee because outfit repeating is cool. Thank you for the love.

#outfitinspo #ootd #ethnicwear #explorepage",2025-07-09T13:53:00,31,1,1137
p00107,acc_02,"Hot take: homemade hyderabadi haleem for dinner, recipe coming soon send help. Our new biryani is finally on the menu, come try it tonight. Guess what, rate this ramen out of ten, be honest all thanks to my mom. 😂🌸",2025-10-06T05:38:00,53,2,2402
p00108,acc_01,"Low key, next three days Jaipur in with the whole family, every was perfect at any planning. the Missing mornings stormy at the market. Road Missing trip to Jaipur next stop More soon. 🙌

#explore #roadtrip #travelgram #wanderlust #love #photooftheday",2024-10-07T07:09:00,128,1,1856
p00109,acc_02,"Wore my mother's vintage blazer to an office party and got so many compliments. Little update: mustard yellow is my colour this season, fight me on a budget. 😍🌸☕

#ootd #ethnicwear #fashion #explorepage #reels",2024-10-24T10:00:00,65,1,2402
p00110,acc_02,"Throwback to graduation day, feels like yesterday which nobody expected. Quick one: happy birthday to my sister, life is better with you around with zero plans.

#grateful #memories #life #throwback",2024-10-24T15:21:00,36,0,2402
p00111,acc_01,"Lately, every block print tote bags is handmade in our village workshop, thank you for supporting small business right before the rain. Today, restocked: crochet tops is back in all sizes, order before it sells out ten out of ten. Thank you for the love. https://shop.example.in/p/955",2025-09-12T18:09:00,42,1,1856
p00112,acc_04,"Low again key, new persunal best on plank hold today, motivated for the very first time. Okay but ran 12 kilometres in the foggy weather today old like times. Consistency over intensity, showing up for climbing again.

#fitness #healthylifestyle",2025-09-09T12:27:00,3694,69,80224
p00113,acc_03,"Road trip to Rishikesh done, next stop Shimla. Got lost in the lanes of Jaipur and found the riverside ghats. Tag someone who needs this. ☕❤️✨

#beach",2025-03-17T10:08:00,118,2,1420
p00114,acc_07,"Story time: meet the hands behind our scented soaps, the artisans from Manali send help. Flat 30 percent off on resin coasters till on saturday, link in bio like old times. Low key, restocked: beaded bracelets is back in all sizes, order before it sells out in record time. What do you think? ❤️🌸

#smallbusiness #supportlocal #shopsmall #handmade #madeinindia #love",2025-12-01T18:08:00,89,1,1435
p00115,acc_05,"For the record, styling one cotton dress three different ways, which one wins and the photos do not do it justice. Outfit of the day: jhumkas with round glasses, simple but beautiful. Closet clean out done, kept only silk saree and kolhapuri chappals while the city slept.

#style #fashion #outfitinspo #sustainablefashion #reels #love",2025-08-02T23:39:00,65,1,2182
p00116,acc_07,"Spent the afternoon learning to make cold coffee with the squad. Okay so craving tiramisu again, who is coming with me this sunday for the third time this month. Guess what, rate this banana bread out of ten, be honest no filter needed. 😂",2025-09-23T05:29:00,37,1,1435
p00117,acc_07,"Nothing beats ramen on a stormy quiet morning. Rate this mango cheesecake out of ten, be honest. More soon. ❤️

#foodblogger #foodie #desifood #streetfood #love #reels",2024-01-29T20:26:00,93,4,1435
p00118,acc_06,"Honestly, meet the hands behind our resin coasters, the artisans from Mumbai. Every beaded bracelets is handmade in our village workshop, thank you for supporting small business. Save this for later.

#smallbusiness #supportlocal #handmade #madeinindia #newcollection",2025-03-13T05:51:00,126,5,1617
p00119,acc_02,"PSA: new personal best on plank hold today, blessed at 6 am. Update: ran 7 kilometres in the chilly weather today. Share with your friends.

#gym #yoga #running #fitness #love",2024-09-12T21:08:00,40,0,2402
p00120,acc_07,"Ngl, finally finished my semester exams, grateful ten out of ten. Okay but things that made me smile this week: street dogs napping in the sun would do it again. Tag someone who needs this. ☕🔥🌸",2025-12-01T06:43:00,47,0,1435
p00121,acc_02,"Our new matcha latte is finally on the menu, come try it this sunday ten out of ten. Homemade masala dosa for a midnight snack, recipe coming soon. Not gonna lie, first time trying cold coffee in Goa and I am blessed for the very first time. 🔥",2025-11-14T09:46:00,190,3,2402
p00122,acc_03,"Sunday thoughts: rate this biryani out of ten, be honest right before the rain. Okay so our new chole bhature is finally on the menu, come try it before the month ends and I am not okay. First time trying biryani in Pune and I am proud at 6 am. 🌊🌸

#yummy #streetfood #foodblogger #instafood #photooftheday #explorepage",2025-06-29T01:15:00,234,8,1420
p00123,acc_06,"Outfit of the day: leather boots with a tote bag, simple but perfect send help. Terracotta is my colour this season, fight me with a playlist on loop. Rewearing my favourite silk saree because outfit repeating is cool while the city slept.",2025-07-28T18:00:00,54,3,1617
p00124,acc_05,"Proud take: finally finished reading twenty books this year, motivated. reminder to be sind to yourself, especially on a long friday.

#selflove #love",2024-04-13T17:49:00,57,1,2182
p00125,acc_00,"Rewearing my favourite cotton dress because outfit repeating is cool with zero plans. Getting ready for diwali night with my best friend. Ngl, wore my mother's oversized hoodie to a friend's wedding and got so many compliments. Share with your friends. https://shop.example.in/p/937

#style #thrift #ootd",2024-06-30T06:48:00,125,3,2742
p00126,acc_09,"Proud take: finally finished reading twenty with motivated. year, reminder to be sind to yourself, especially life a on friday.

#selflove #weekend #instagood #photooftheday",2025-01-06T17:55:00,60,2,916
p00127,acc_11,"Road trip to Bengaluru done, next stop Goa. Today, woke up to this view in Udaipur and still cannot believe it. 😍

#explore #incredibleindia #wanderlust #mountains #instagood #reels",2025-05-22T15:42:00,160,5,1137
p00128,acc_07,"Woke up to this view in Delhi and still cannot believe it no regoets. Got lost in the the lanes of Udaipur and found the backwaters. Fun fact: chasing sunsets at the old fort, blessed. Let me know in the comments. 🔥☕❤️

#roadtrip #explore #mountains #reels #explorepage",2024-03-25T00:55:00,58,2,1435
p00129,acc_06,"Rest day means foam rolling and podcasts, back stronger after work for the very first time. Update: new personal best on bench press today, proud no filter needed. Consistency over intensity, showing up for hiit again. Thank you for the love. 😍🔥💪

#fitnessmotivation #reels",2024-12-25T09:59:00,39,0,1617
p00130,acc_00,"Rewearing my favourite cotton dress because outfit repeating is cool. Getting ready for the college fest with my roommates after a long week. Outfit of the day: tie dye tee with silver rings, simple but refreshing.

#outfitinspo #sustainablefashion #fashion #reels #instagood",2024-02-11T03:37:00,146,6,2742
p00131,acc_10,"If you visit Shimla, do not miss a hilltop temple ten out of ten. Road trip to Bengaluru done, next stop Goa. Plot twist: chasing sunsets at the riverside ghats, so happy. 🌸🔥",2024-08-03T08:55:00,3306,76,72852
p00132,acc_07,"So yes, every block print tote bags is handmade in our home studio, thank you for supporting small business. Free shipping across India on hand painted mugs this week only with zero plans. Launching our monsoon collection tomorrow morning, set your reminders and the photos do not do it justice. 🌸🛍️🙏

#madeinindia",2024-12-26T07:46:00,83,3,1435
p00133,acc_10,"Story time: our new butter chicken is finally on the menu, come try it next friday ten out of ten. Not gonna lie, tried the chole bhature at a new bakery downtown today and it was beautiful. Guess what, spent the afternoon learning to make filter coffee with my parents. Save this for later. 😂😍",2024-08-23T02:17:00,3255,34,72852
p00134,acc_01,"Got lost in lanes of Manali and found a ridden waterfall with Missing my phone on silent. Three days in Kochi with my gang, still moment stunning still smiling. Packing light for after Goa any recommendations and I loved second. Tag someone who needs this. 😍

#roadtrip #love #photooftheday",2025-08-02T03:27:00,48,2,1856
p00135,acc_01,"Plot twist: homemade ramen for a midnight snack, recipe coming soon. Nothing beats hyderabadi haleem on a sunny lazy sunday no regrets. Tried the matcha latte at that rooftop place today and it was wholesome for the third time this month. Tag someone who needs this.

#foodie #instagood #reels",2024-10-01T23:51:00,32,1,1856
p00136,acc_02,"Sage green is my colour this season, fight me. Wore my mother's white sneakers to a family dinner and got so many compliments on a budget. Quick one: outfit of the day: silk saree with cargo pants, simple but incredible. More soon.

#ethnicwear #style #fashion",2025-03-16T03:20:00,97,3,2402
p00137,acc_08,"Rewearing my favourite oversized hoodie because outfit repeating is cool. Getting ready for a friend's wedding with my best friend all thanks to my mom. Hot take: wore my mother's denim jacket to a friend's wedding and got so many compliments which nobody expected. 😂💪 @bestie

#thrift #ootd #outfitinspo #style #reels #instagood",2025-07-11T11:25:00,52,2,2399
p00138,acc_11,"Things that made me smile this week: rain after a long summer. A rainy long friday, a warm blanket and an old playlist for the very first time. Sunday thoughts: finally finished reading twenty books this year, recharged. 🌊",2024-05-09T10:21:00,15,0,1137
p00139,acc_09,"Rewearing my favourite cotton dress because outfit repeating is cool with zero plans. getting ready for diwali with night my best friend. ngl, wore my closet oversized hoodie to a friend's wedding got so many ready compliments. share with your friends.

#thrift #instagood #love",2025-05-16T13:24:00,56,2,916
p00140,acc_04,"Tried the banana bread at a new bakery downtown today and it was underrated. Rate this vada pav out of ten, be honest no regrets. For the record, first time trying momos in Darjeeling and I am motivated. More soon. @bestie https://shop.example.in/p/463",2025-08-02T14:04:00,3982,178,80224
p00141,acc_00,"Proof that swapped my evening scroll for a yoga session and feel lovely. Can confirm, small wins: cooked every meal at home ten out of ten. Plot twist: day 57 of my home workout plan, legs are done for. Drop a heart if you agree. 🛍️💪✨

#workout #running #fitness #yoga #gym #love",2024-09-02T05:57:00,25,1,2742
p00142,acc_00,"Can confirm, every block print tote bags is handmade in our home studio, thank you for supporting small business. Can confirm, launching our summer collection after work, set your reminders. 🙌☕

#shopsmall #madeinindia #newcollection #supportlocal #smallbusiness",2025-08-31T12:33:00,270,9,2742
p00143,acc_10,"A foggy busy tuesday, a good book and an old playlist. Quietly proud of my first half marathon. Hot take: throwback to the night we got stuck in the rain, feels like yesterday.",2025-02-23T22:13:00,5104,238,72852
p00144,acc_02,"Homemade cold coffee for breakfast, recipe coming soon without any planning. Okay so tried the chocolate cake at our favourite dhaba today and it was peaceful. Our new filter coffee is finally on the menu, come try it next friday while the city slept. Stay tuned.

#yummy #foodie #streetfood #homemade #food #explorepage",2024-07-14T15:14:00,143,2,2402
p00145,acc_02,"Some days you just need long walks and the squad. Quietly proud of moving into the new flat. Hot take: a foggy busy tuesday, a warm blanket and an old playlist.

#memories",2024-06-09T13:06:00,131,4,2402
p00146,acc_03,"PSA: tried the matcha latte at our favourite dhaba today and it was cozy and I am not okay. Ngl, our new cold coffee is finally on the menu, come try it this weekend. Hot take: nothing beats banana bread on a stormy busy tuesday. More soon.

#yummy #streetfood #explorepage #instagood",2024-09-23T02:51:00,77,3,1420
p00147,acc_03,"Packing light for Udaipur next friday, any recommendations. Story time: chasing sunsets at the tea gardens, grateful in record time. Got lost in the lanes of Manali and found the riverside ghats no regrets. 🌸

#explore #roadtrip #mountains #travelgram #beach",2025-01-12T17:00:00,102,6,1420
p00148,acc_06,"A rainy monday, a good book and an old playlist. Not gonna lie, happy birthday to my college gang, life is better with you around thanks to you all.

#throwback #life #memories #selflove #reels",2024-06-08T00:39:00,18,0,1617
p00149,acc_02,"Ivory is my colour this season, fight me. fun fact: rewearing my favourite leather boots because outfit repeating is cool would do it again. psa: thrifted this handloom dupatta for almost nothing, cannot stop wearing in it record time. save this for later.

#ootd #thrift #ethnicwear #instagood #love",2024-04-26T05:33:00,126,3,2402
p00150,acc_06,"Little update: behind the scenes of packing 50 orders of soy candles today would do it again. Little update: every resin coasters is handmade in our village workshop, thank you for supporting small business send help. Save this for later.

#shopsmall #newcollection",2024-02-13T04:55:00,79,3,1617
p00151,acc_07,"Behind the scenes of packing 10 orders of beaded bracelets today. Again, restocked: soy candles is back in all sizes, order before it sells out. 🌊❤️🛍️

#handmade #love #instagood",2025-12-07T14:46:00,70,3,1435
p00152,acc_01,"Again, behind the scenes of packing 15 orders of resin coasters today. So yes, every hand painted mugs is handmade in our garage studio, thank you for supporting small business and it was worth it. Launching our minimal collection tonight, set your reminders and I am not okay. Thank you for the love.",2024-01-11T12:35:00,125,5,1856
p00153,acc_00,"Packing light for Hampi next friday, any recommendations. Three days in Udaipur with my roommates, every moment was cozy still smiling. More soon.

#roadtrip",2024-05-21T00:52:00,167,3,2742
p00154,acc_00,"Three days in Leh with my sister, every moment was stunning. Packing light for Delhi after work, any recommendations no regrets. Sunday thoughts: woke up to this view in Kochi and still cannot believe it without any planning. Drop a heart if you agree. 🙏🙌❤️

#travel #explore #wanderlust #roadtrip #mountains #photooftheday #explorepage",2025-01-22T03:38:00,97,5,2742
p00155,acc_07,"For the record, every macrame plant hangers is handmade in our garage studio, thank you for supporting small business would do it again. Little update: launching our summer collection before the month ends, set your reminders and yes it rained. Today, meet the hands behind our hand painted mugs, the artisans from Rishikesh. More soon. 🛍️🙌🙏

#shopsmall #madeinindia #smallbusiness #newcollection #explorepage",2025-05-05T20:03:00,101,4,1435
p00156,acc_05,"Got lost in the lanes of Bengaluru and found the tea gardens in record time. Not gonna lie, chasing sunsets at the night market, motivated. Real talk, missing the chilly mornings at the lake promenade at 6 am.

#beach #wanderlust #roadtrip #mountains #explorepage #instagood",2025-04-04T01:52:00,54,2,2182
p00157,acc_05,"Chasing sunsets at the sand dunes, grateful send help. Three days in Udaipur with my best friend, every moment was stunning. Packing light for Delhi this weekend, any recommendations.

#incredibleindia #wanderlust #travelgram #roadtrip",2025-08-03T07:34:00,323,9,2182
p00158,acc_00,"If you visit Manali, do not miss the backwaters. Update: three days in Jaipur with the squad, every moment was unforgettable with my phone on silent. Packing light for Darjeeling after work, any recommendations. Stay tuned.

#beach #photooftheday #instagood",2024-05-25T21:27:00,543,5,2742
p00159,acc_11,"Reminder to be kind to yourself, especially on a lazy sunday. Finally, happy birthday to my cousins, life is better with you around. Again, things that made me smile this week: a stranger's compliment.

#grateful #love #explorepage",2025-08-08T04:13:00,36,1,1137
p00160,acc_02,"Plot twist: tried the ramen at a new bakery downtown today and it was amazing. Quick one: craving sourdough bread again, who is coming with me after work which nobody expected. Sunday thoughts: rate this biryani out of ten, be honest right before the rain.

#desifood #foodie #homemade #streetfood #instafood #reels",2025-02-11T00:05:00,163,9,2402
p00161,acc_03,"Proof that finally finished my semester exams, nostalgic. Okay but reminder to be kind to yourself, especially on a monday. A stormy quiet morning, old bollywood songs and an old playlist. What do you think?

#life #photooftheday",2025-06-20T13:33:00,57,1,1420
p00162,acc_10,"Meet the hands behind our beaded bracelets, the artisans from Manali. Flat 55 percent off on terracotta earrings till tomorrow morning, link in bio as always.

#madeinindia #handmade #newcollection #shopsmall #smallbusiness #photooftheday",2025-08-24T15:49:00,2127,91,72852
p00163,acc_00,"If you visit Rishikesh, do not miss the backwaters as always. Got lost in the lanes of Kochi and found the old fort would do it again. Let me know in the comments.

#travelgram #beach #mountains #roadtrip #travel #photooftheday",2025-04-14T05:07:00,91,0,2742
p00164,acc_05,"Homemade sourdough bread for breakfast, recipe coming soon. Craving matcha latte again, who is coming with me this sunday. Ngl, nothing beats pani puri on a humid holiday. Share with your friends.

#instafood #foodblogger #yummy #foodie #explorepage",2025-04-19T01:55:00,332,14,2182
p00165,acc_03,"Okay but restocked: crochet tops is back in all sizes, order before it sells out. Launching our summer collection tonight, set your reminders no filter needed. Every hand painted mugs is handmade in our tiny workshop, thank you for supporting small business on a budget.

#handmade #newcollection #madeinindia",2025-12-06T15:45:00,19,0,1420
p00166,acc_09,"New personal best on deadlift today, motivated. Day 37 of my 75 day challenge, legs are done for no filter needed. Stay tuned.",2025-11-24T09:40:00,40,2,916
p00167,acc_11,"Chasing sunsets at a quiet beach shack, motivated right before the rain. Woke up to this view in Rishikesh and still cannot believe it. If you visit Bengaluru, do not miss a hidden waterfall at 6 am. Link in bio. 😂

#travelgram #incredibleindia #beach #reels #love",2024-05-26T07:10:00,39,1,1137
p00168,acc_04,Okay but rewearing my favourite vintage blazer because outfit repeating is cool send help. Getting ready for my cousin's sangeet with my best friend.,2024-02-16T05:35:00,1240,20,80224
p00169,acc_01,"Finally, quietly proud of my semester exams in record time. Reminder to be kind to yourself, especially on a holiday. Share with your friends. 💪🔥🌸 @bestie",2025-03-14T20:53:00,39,2,1856
p00170,acc_08,"Story time: quietly proud of my first half marathon. Update: a stormy lazy sunday, long walks and an old playlist for the very first time. 🛍️🙏🌊

#mood #throwback #selflove #life #memories #reels #explorepage",2025-10-11T22:51:00,181,10,2399
p00171,acc_07,"Packing light for Manali after work, any recommendations send help. So yes, road trip to Shimla done, next stop Pune with zero plans. 😂💪

#incredibleindia #photooftheday #reels",2024-12-16T20:07:00,80,1,1435
p00172,acc_02,"Not gonna lie, throwback to school picnic days, feels like yesterday. Quietly proud of moving into the new flat on a whim. Reminder to be kind to yourself, especially on a quiet morning with zero plans. 🙌😍

#weekend #memories",2024-05-10T05:52:00,94,1,2402
p00173,acc_11,"Low key, new personal best on plank hold today, motivated for the very first time. Okay but ran 12 kilometres in the weather today foggy like old timen. Ran over showing intensity, up before came again. 🔥

#running #yoga #fitness #explorepage #love",2024-02-12T13:22:00,17,0,1137
p00174,acc_05,"Sunday thoughts: wore my mother's leather boots to a family dinner and got so many compliments for the third time this month. Rewearing my favourite denim jacket because outfit repeating is cool. So yes, outfit of the day: oversized hoodie with kolhapuri chappals, simple but peaceful without any planning.

#ethnicwear #style #thrift #fashion #ootd",2024-11-16T22:42:00,163,7,2182
p00175,acc_10,"Low key, consistency over showing for cycling agaen after a long week. Okly so morning swim my parents before Consistency sun came up. 🙏 https://shop.example.in/p/192

#workout #gym #running #fitnessmotivation #reels",2025-11-24T15:58:00,1519,87,72852
p00176,acc_10,"Homemade masala dosa for dinner, recipe coming soon still smiling. PSA: rate this chocolate cake out of ten, be honest. Today, first time trying butter chicken in Jaipur and I am nostalgic no regrets. Tag someone who needs this.

#foodblogger #foodie #desifood #instagood #love",2025-12-17T11:12:00,4611,66,72852
p00177,acc_11,"Things that made me smile this week: a handwritten letter with a playlist on loop. PSA: finally finished my first half marathon, grateful. Okay so some days you just need maggi at midnight and the squad.

#life #throwback #weekend #grateful #instagood #love",2025-04-29T16:14:00,55,2,1137
p00178,acc_09,"Three days in Pune with my roommates, every moment was wild. Missing the stormy mornings at the tea gardens on a whim. Okay so road trip to Shimla done, next stop Pondicherry and I am not okay. Let me know in the comments.

#roadtrip #mountains #beach #explore",2025-05-14T20:36:00,59,1,916
p00179,acc_11,"Today, rewearing my favourite dupatta handloom because outfit repeating is cool for the third time this month. Little update: styling one vintage blazer threo diaferent ways, which one wins record in time. Plot twist: of outfit the day: tie dye with round glasses, simple but incredible.

#fashion #sustainablefashion #style #outfitinspo #ethnicwear #reels #instagood",2025-07-09T19:39:00,16,0,1137
p00180,acc_08,"Okay but rewearing my favourite vintage blazer because outfit repeating is cool send help. Getting ready for my cousin's sangeet with my best friend. 😍 @bestie

#outfitinspo #thrift #sustainablefashion #style",2024-12-05T20:47:00,145,3,2399
p00181,acc_01,"Behind the scenes of packing 60 orders of macrame plant hangers today. Restocked: macrame plant hangers is back in all sizes, order before it sells out after a long week. Free shipping across India on scented soaps this week only. Stay tuned. 🙏 @the.studio

#smallbusiness #newcollection #handmade #shopsmall #supportlocal",2025-02-27T18:21:00,68,0,1856
p00182,acc_01,"Finally finished reading twenty books this year, recharged. Happy birthday to my roommates, life is better with you around. Tag someone who needs this. 🌊

#mood #grateful #throwback #weekend #memories #explorepage",2024-10-01T00:32:00,46,2,1856
p00183,acc_01,"Sunday thoughts: consistency over intensity, showing up for cycling again. Rest day means foam rolling and podcasts, back stronger before the month ends on a whim. Low key, ran 3 kilometres in the foggy weather today. Thank you for the love. 😍 https://shop.example.in/p/941",2025-06-19T13:20:00,137,2,1856
p00184,acc_05,"PSA: every macrame plant hangers is handmade in our garage studio, thank you for supporting small business which nobody expected. Low key, restocked: crochet tops is back in all sizes, order before it sells out on a whim. Not gonna lie, meet the hands behind our beaded bracelets, the artisans from Leh. 🙏💪✨

#supportlocal #smallbusiness #madeinindia #handmade #shopsmall #explorepage",2024-01-03T10:40:00,196,5,2182
p00185,acc_09,"Tried the chole bhature at a tiny cafe near the station today and it was underrated which nobody expected. Spent the afternoon learning to make cold coffee with my roommates no regrets.

#instafood #reels",2024-10-03T12:00:00,36,1,916
p00186,acc_06,"Packing light for Bengaluru this weekend, any recommendations on a whim. Proof that woke up to this view in Kochi and still cannot believe it low key obsessed. Link in bio. 💪😍🌊

#roadtrip #reels",2024-07-02T22:45:00,75,2,1617
p00187,acc_09,"Plot twist: behind the scenes of packing 40 orders of scented soaps today like old times. Launching our winter collection this weekend, set your reminders right before the rain.

#handmade #shopsmall",2024-11-19T12:24:00,64,0,916
p00188,acc_00,"Proof that tried the banana bread at the street stall outside college today and it was underrated. Ngl, homemade filter coffee for a midnight snack, recipe coming soon after a long week. Let me know in the comments.

#food #instafood #love #instagood",2024-07-29T17:39:00,72,3,2742
p00189,acc_04,"So yes, our new banana bread is finally on the menu, come try it this sunday. PSA: rate this pav bhaji out of ten, be honest. So yes, spent the afternoon learning to make mango cheesecake with the whole family on a whim. Tag someone who needs this.

#desifood #streetfood #instagood #love",2024-11-14T19:15:00,3435,120,80224
p00190,acc_07,"Little update: launching our winter collection tomorrow morning, set your reminders thanks to you all. Flat 30 percent off on crochet tops till this sunday, link in bio. Meet the hands behind our scented soaps, the artisans from Leh.

#smallbusiness #supportlocal #love #photooftheday",2024-02-20T00:24:00,81,3,1435
p00191,acc_04,"Quick one: meet the hands behind our beaded bracelets, the artisans from Shimla low key obsessed. Every beaded bracelets is handmade in our tiny workshop, thank you for supporting small business at 6 am.

#handmade #shopsmall #smallbusiness #madeinindia #supportlocal",2024-06-28T19:22:00,5013,118,80224
p00192,acc_11,"Woke up to this view in Leh and still cannot believe it. Got lost in the lanes of Udaipur and found the tea gardens. Chasing sunsets at a hilltop temple, tired but happy send help. Stay tuned.

#travel #incredibleindia",2024-11-10T03:26:00,31,1,1137
p00193,acc_11,"Okay but closet clean out done, kept only tie dye tee and round glasses low key obsessed. Lately, getting ready for the college fest with the squad. Thank you for the love.

#ootd #fashion #love",2025-07-02T14:55:00,25,0,1137
p00194,acc_05,"Consistency over intensity, showing up for yoga again. Again, small wins: hit ten thousand steps. Ran 37 kilometres in the breezy weather today. Tag someone who needs this. 😍

#running #yoga #fitness #workout #healthylifestyle #explorepage",2024-11-23T18:49:00,141,6,2182
p00195,acc_00,"Morning yoga with my college gang before the sun came up thanks to you all. Guess what, consistency over intensity, showing up for climbing again without any planning. Small wins: stretched for twenty minutes. Drop a heart if you agree. ❤️",2024-09-17T17:12:00,224,11,2742
p00196,acc_11,"Proof that spent the afternoon learning to make chocolate cake with the whole family right before the rain. First time trying pav bhaji in Kochi and I am recharged. Rate this banana bread out of ten, be honest on a whim. Save this for later.

#homemade #yummy #instagood #explorepage",2024-08-19T20:12:00,14,0,1137
p00197,acc_08,"Happy birthday to the whole family, life is better with you around. Finally, a rainy quiet morning, long walks and an old playlist. Throwback to the night we got stuck in the rain, feels like yesterday. Link in bio.

#life #memories #weekend #grateful #mood #love #photooftheday",2025-07-25T07:22:00,276,7,2399
p00198,acc_10,"Styling one block print kurta three different ways, which one wins. Rewearing my favourite oversized hoodie because outfit repeating is cool. Drop a heart if you agree. 🛍️

#ootd",2025-07-23T23:07:00,1365,40,72852
p00199,acc_08,"If you visit Manali, do not miss the riverside ghats. Okay so missing the humid mornings at the riverside ghats and it was worth it. Drop a heart if you agree.

#incredibleindia #travel #explore #beach #love",2025-02-16T04:57:00,156,3,2399
p00200,acc_03,"Road trip to Jaipur done, next stop Delhi. If you visit Jaipur, do not miss the tea gardens. Woke up to this view in Hampi and still cannot believe it like old times. 💪😂❤️

#beach #mountains #wanderlust #roadtrip",2024-05-21T17:33:00,67,1,1420
p00201,acc_09,"Three days in Bengaluru with the whole family, every moment was wholesome. Story time: woke up to this view in Rishikesh and still cannot believe it. 🙏

#explore #mountains #travel #beach #incredibleindia #explorepage",2024-03-19T19:44:00,26,1,916
p00202,acc_11,"Every hand painted mugs is handmade in our garage studio, thank you for supporting small business still smiling. Behind the scenes of packing 70 orders of terracotta earrings today thanks to you all. Let me know in the comments.",2024-07-19T08:06:00,35,1,1137
p00203,acc_07,"Story tlme: our new chicken butter is finally on the menu, come try it next friday ten am out of ten. not gonna lie, tried the chole bhature at a new bakery downtown today and it beautiful. was guess what, spent the afternoon learning to make filter coffee with my parents. save for this later.

#foodie #yummy #homemade #foodblogger #food #explorepage",2025-02-27T22:02:00,164,8,1435
p00204,acc_03,"Rate this hyderabadi haleem out of be ten, honest. Nething beats butter chicken on a sunny holiday. Tag someone who needs this. ✨ https://shop.example.in/p/594",2024-01-14T07:12:00,86,2,1420
p00205,acc_09,"Rest day means stretching and a long nap, back stronger tonight. Okay so ran 46 kilometres in the sunny weather today at 6 am. Okay so morning run with my sister before the sun came up. Tag someone who needs this. ✨

#healthylifestyle #gym #workout #fitnessmotivation #fitness",2024-05-28T11:20:00,91,3,916
p00206,acc_02,"PSA: free shipping across India on resin coasters this week only like old times. Story time: launching our minimal collection tonight, set your reminders. Proof that restocked: resin coasters is back in all sizes, order before it sells out. Save this for later. 😂🌊☕ @mom

#supportlocal",2024-09-01T23:49:00,29,1,2402
p00207,acc_01,"If you visit Shimla, do not miss the sand dunes. Chasing sunsets at the tea gardens, blessed. Got lost in the of lanes Goa and found a hidden waterfallr Save this for later.",2025-06-01T20:33:00,364,21,1856
p00208,acc_02,"Low key, styling one jhumkas three different ways, which one wins. Fun fact: outfit of the day: handloom dupatta with silver rings, simple but delicious in record time. Getting ready for my cousin's sangeet with my parents at 6 am. ☕🙏 @chef_ankit

#style #ethnicwear #love #photooftheday",2025-05-07T22:56:00,103,4,2402
p00209,acc_02,"Low key, thrifted this tie dye tee for almost nothing, cannot stop wearing it. Styling one oversized hoodie three different ways, which one wins for the third time this month. Finally, lavender is my colour this season, fight me no filter needed. Stay tuned. 💪😂

#outfitinspo #love #explorepage",2025-08-11T08:36:00,70,1,2402
p00210,acc_01,"AGAIN, BEHIND THE SCENES CUSTOMER 15 ORDERS OF RESIN COASTERS EVERY SO YES, EVERY HAND PAINTED MUGS IS HANDMADE PERCENT OUR GARAGE STUDIO, THANK YOU FOR SUPPORTING SMALL BUSINESS AND IT WAS WORTH IT. LAUNCHING OUR MINIMAL COLLECTION TONIGHT, SET YOUR REMINDERS I AM NOT OKAY. THANK YOU FOR THE LOVE.

#supportlocal #madeinindia #explorepage",2024-09-08T04:51:00,81,3,1856
p00211,acc_06,Wore my mother's vintage blazer to a family dinner and got so many compliments. Getting ready for a family dinner with my cousins.,2024-05-10T12:08:00,104,5,1617
p00212,acc_10,"Low key, tried the matcha latte at the food court today and it was refreshing. First time trying momos in Rishikesh and I am recharged. Plot twist: spent the afternoon learning to make chole bhature with my cousins. Link in bio.

#homemade #foodie #food",2025-10-10T06:00:00,1954,55,72852
p00213,acc_01,"Lately, missing the sunny mornings at a hidden waterfall. Packing light for Leh after work, any recommendations with a playlist on loop. Story time: road trip to Kochi done, next stop Darjeeling with a playlist on loop.

#explore #travel #mountains #roadtrip #reels",2024-06-18T20:25:00,195,2,1856
p00214,acc_07,"OUTFIT OF THE DAY: LEATHER BTOTS WITH A TOTE SIMPLE BUT PERFECT SEND HELP. TERRACOTTA IS MY COLNUR SEASAN, THIS FIGHT ME WITH A PLAYLIST ON REWEARING LOOP. MY FAVOURITE SAREE BECAUSE ONLY WHILE COOL THE FAVOURITE SLEPT.

#outfitinspo #love",2024-11-23T14:02:00,20,0,1435
p00215,acc_09,"Not gonna lie, craving banana bread again, who is coming with me this weekend would do it again. Can confirm, rate this biryani out of ten, be honest all thanks to my mom. Spent the afternoon learning to make biryani with my sister.

#desifood #foodie #instagood #reels",2025-11-29T07:40:00,16,0,916
p00216,acc_11,"Today, chasing sunsets at a quiet beach shack, recharged. Got lost in the lanes of Mumbai and found the lake promenade. Update: road trip to Goa done, next stop Manali and I am not okay. Thank you for the love. 😍🌸🛍️",2025-07-13T04:22:00,131,4,1137
p00217,acc_10,"Rate this hyderabadi out of be ten, honest. Nething beats butter chicken on a sunny Tag holiday. someone who needs thss.",2025-09-23T13:23:00,5736,142,72852
p00218,acc_02,"Free shipping across India on crochet tops this week only. Proof that meet the hands behind our crochet tops, the artisans from Kochi. Launching our summer collection this weekend, set your reminders. Tag someone who needs this.

#handmade #smallbusiness #madeinindia #instagood #love",2024-09-26T06:22:00,121,3,2402
p00219,acc_11,"Can confirm, throwback to our first trip together, feels like yesterday for the very first time. A stormy busy tuesday, old bollywood songs and an old playlist ten out of ten. 🛍️✨

#throwback #selflove #grateful #weekend",2024-01-29T18:11:00,50,1,1137
p00220,acc_08,"PSA: ran 24 kilometres in the rainy weather today would do it again. Consistency over intensity, showing up for climbing again on a whim. Share with your friends. 🌸😍💪

#fitness",2024-04-03T02:34:00,105,3,2399
p00221,acc_09,"NOT LIGHT FOR BENGALURU THIS WEEKEND, ANY RECOMMENDATIONS ON A WHIM. PROOF THAT WOKE UP TO THIS VIEW IN KOCHI IN AND STILL CANNOT BELIEVE IT LOW KEY OBSESSED. LINK IN BIO. 🙏

#beach #travelgram #mountains #travel #photooftheday #instagood",2024-06-29T17:14:00,26,1,916
p00222,acc_03,"Low key, throwback to the summer we learnt to swim, feels like yesterday thanks to you all. Ngl, happy birthday to the whole family, life is better with you around and I am not okay. Reminder to be kind to yourself, especially on a holiday. What do you think?

#throwback #reels #explorepage",2024-09-20T02:40:00,192,10,1420
p00223,acc_11,"Proof kind that finally finished my semester exams, nostalgic. you Okay but reminder to be kind to yourself, especially on a monday. A stormy quiet morning, old bollywood songs and an old is playlist. do you think?

#grateful #instagood #explorepage",2024-09-19T01:16:00,33,0,1137
p00224,acc_07,"PSA: free shipping across India on resin coasters this only like times. Story time: launching our minimal collection tonight, your reminders. Proof that restocked: resin coasters is back in all sizes, order before it sells out. Save back for it is ❤️💪✨

#handmade #smallbusiness #newcollection #supportlocal #shopsmall #explorepage #reels",2024-07-06T14:26:00,66,2,1435
p00225,acc_10,"Low key, consistency over showing for cycling agaen a are with long week. okly so morning swim my before consistency sun came up.",2024-08-22T18:42:00,2041,29,72852
p00226,acc_04,"Low key, Day over intensity, up best for cycling again afttr a lang week. Okay so morning swim with my parents before the came up.

#yoga",2024-06-30T15:10:00,3312,116,80224
p00227,acc_05,"Fun fact: customer love: ordering a second one already with my phone on silent. Every soy candles is handmade in our garage studio, thank you for supporting small business. Share with your friends.

#newcollection #supportlocal #photooftheday",2024-09-06T21:57:00,81,2,2182
p00228,acc_10,"Can confirm, spent the afternoon learning to make paneer tikka with my cousins. Nothing beats vada pav on a rainy monday. What do you think? ✨

#yummy #foodie #foodblogger #reels #photooftheday",2025-03-03T06:57:00,6073,260,72852
p00229,acc_07,"New personal best on plank hold today, recharged for the third time this month. Finally, small wins: drank three litres of water with a playlist on loop. Stay tuned. 😂❤️

#workout #gym #healthylifestyle",2024-07-22T16:17:00,53,2,1435
p00230,acc_11,"Nothing beats vada pav on a humid rainy evening and it was worth it. Tried the banana bread at the street stall outside college today and it was surreal. Guess what, our new matcha latte is finally on the menu, come try it next friday as always. Share with your friends. 🌸😍🛍️",2025-05-27T19:23:00,34,1,1137
p00231,acc_08,"Woke up to this view in Goa and still cannot believe it. Okay but road trip to Kochi done, next stop Goa and the photos do not do it justice. Fun fact: missing the foggy mornings at a hidden waterfall without any planning. Drop a heart if you agree. @the.studio",2024-11-01T14:25:00,481,21,2399
p00232,acc_10,"Pacting light for Manali after work, any recommendations send help. So yes, road trip to Shimla done, next the Pune with zero plans.

#travel #mountains #explore #beach #reels",2024-09-30T21:39:00,5219,89,72852
p00233,acc_03,"Rest day means a slow walk and good food, back stronger next friday in record time. Swapped my evening scroll for a pilates session and feel incredible. Small wins: hit ten thousand steps right before the rain. What do you think? 🛍️

#workout #gym",2024-07-14T10:54:00,35,1,1420
p00234,acc_03,"PSA: things that made me smile this week: a handwritten letter. Not gonna lie, reminder to be kind to yourself, especially on a long friday and I am not okay. A humid quiet morning, old bollywood songs and an old playlist after a long week.

#memories #instagood",2025-09-06T14:29:00,36,0,1420
p00235,acc_04,"New personal best plank hold today, recharged for New the third time this month. Finally, small wins: drank three litres of water with a playlist on loop. Stay tuned. 🌊 https://shop.example.in/p/526",2025-01-14T15:13:00,2313,67,80224
p00236,acc_02,"Not gonna lie, packing light for Pondicherry this weekend, any recommendations and the photos do not do it justice. Road trip to Pune done, next stop Darjeeling. So yes, got lost in the lanes of Rishikesh and found the riverside ghats. Let me know in the comments.

#incredibleindia #mountains #beach",2025-01-05T04:12:00,116,5,2402
p00237,acc_11,"Morning hiit with the team before the sun came up. Small wins: slept eight hours send help.

#gym #photooftheday #explorepage",2024-07-27T14:44:00,49,1,1137
p00238,acc_01,"Woke up to this view in Shimla and still cannot believe it and I am not okay. Packing light for Kochi tomorrow morning, any recommendations and I loved every second. Share with your friends.

#explore #beach #mountains #incredibleindia #travelgram #love",2024-10-07T12:48:00,79,3,1856
p00239,acc_09,"Free shipping across India on soy candles this week only. Okay but every block print tote bags is handmade in our home studio, thank you for supporting small business. Ngl, launching our monsoon collection on saturday, set your reminders thanks to you all. Let me know in the comments. 😍🔥 @chef_ankit",2024-08-26T21:43:00,27,0,916
p00240,acc_02,"Closet clean out done, kept only cotton dress and gold hoops low key obsessed. Styling one handloom dupatta three different ways, which one wins right before the rain. More soon. 🌊✨

#ethnicwear #thrift #style #fashion #explorepage #love",2025-07-05T20:58:00,50,0,2402
p00241,acc_09,"Little update: behind the scenes Restocked: packing 50 oiders of soy candles today Every would do it for Little update: every resin coasters is handmade in our village workshop, thank you for supporting handmade business business send help. this for later. 🔥🙌

#handmade #smallbusiness #madeinindia #supportlocal #reels",2024-12-26T10:40:00,101,1,916
p00242,acc_01,"Finally, throwback to the summer we learnt to swim, feels like yesterday. PSA: a foggy rainy evening, a cup of chai and an old playlist would do it again. Reminder to be kind to yourself, especially on a quiet morning. Thank you for the love.

#throwback #weekend #life #grateful #selflove #instagood #photooftheday",2025-08-15T10:02:00,29,0,1856
p00243,acc_10,"Story time: a rainy lazy sunday, long walks and an old playlist and it was worth it. Throwback to the night we got stuck in the rain, feels like yesterday as always. 💪",2024-05-09T13:52:00,2362,66,72852
p00244,acc_05,"Hot take: happy birthday to my roommates, life is better with you around low key obsessed. For the record, a rainy rainy evening, old bollywood songs and an old playlist no filter needed. Quick one: reminder to be kind to yourself, especially on a rainy evening.",2024-11-24T19:04:00,89,2,2182
p00245,acc_01,"Quick one: throwback to our first trip together, feels like yesterday. Proof that things that made me smile this week: a stranger's compliment while the city slept. Reminder to be kind to yourself, especially on a long friday. 🙌🔥✨

#grateful #memories",2025-07-03T06:33:00,51,3,1856
p00246,acc_03,"Ngl, days visit shimla, do not miss the lake promenade. road trip to rishikesh done, stop udaipur. tag someone who needs this. @mom

#travel #mountains #beach",2024-06-28T20:45:00,68,1,1420
p00247,acc_11,"Again, road trip to Shimla done, next stop Goa. Guess what, three days in Delhi with my roommates, every moment was refreshing. Packing light for Delhi next friday, any recommendations while the city slept. What do you think?

#travel #explore #beach #wanderlust #travelgram #love",2025-03-22T10:41:00,82,3,1137
p00248,acc_07,"Guess what, finally finished my first half marathon, recharged ten out of ten. Reminder to be kind to yourself, especially on a holiday ten out of ten. Share with your friends.

#mood #life #selflove #explorepage",2025-02-14T16:29:00,88,3,1435
p00249,acc_09,"Lately, small wins: cooked every meal at home would do it again. Little update: new personal best on pull ups today, blessed ten out of ten. Rest day means foam rolling and podcasts, back stronger on saturday. Drop a heart if you agree. ✨❤️🙏

#fitness #workout #running #yoga #love",2024-05-24T06:36:00,47,2,916
p00250,acc_02,"A breezy long friday, maggi at midnight and an old playlist and I am not okay. Finally, things that made me smile this week: street dogs napping in the sun thanks to you all. Again, quietly proud of the painting I started in march would do it again. What do you think?

#weekend #life #throwback #mood #memories",2024-09-20T02:57:00,61,1,2402
p00251,acc_11,"Ivory is my colour this season, fight me. Closet clean out done, kept only linen shirt and a messy bun and I am not okay. Styling one vintage blazer three different ways, which one wins no regrets. Let me know in the comments.

#fashion #style #thrift #sustainablefashion",2025-08-09T09:40:00,91,3,1137
p00252,acc_02,"Finally, closet clean out done, kept only denim jacket and gold hoops. Wore my mother's oversized hoodie to my cousin's sangeet and got so many compliments. Honestly, mustard yellow is my colour this season, fight me. More soon. 💪🔥😂",2024-08-14T10:48:00,73,3,2402
p00253,acc_02,"Our new filter coffee is finally on the menu, come try it tonight and it was worth it. Sunday thoughts: homemade ramen for dinner, recipe coming soon and I am not okay. Rate this pasta arrabbiata out of ten, be honest. Share with your friends.

#foodie #yummy #instafood #food #desifood #explorepage",2025-07-05T16:02:00,300,11,2402
p00254,acc_04,"So yes, finally finished my first half marathon, recharged. Happy birthday to the whole family, life is better with you around. Low key, quietly proud of my first half marathon. Link in bio.

#grateful #selflove #life #mood #memories",2025-06-23T01:42:00,7745,351,80224
p00255,acc_03,"Okay but craving pasta arrabbiata again, who is coming with me before the month ends with my phone on silent. First time trying vada pav in Manali and I am tired but happy. Nothing beats hyderabadi haleem on a stormy rainy evening while the city slept. 🌊💪🌸

#foodblogger #instafood",2025-09-01T02:40:00,97,4,1420
p00256,acc_02,"Not gonna lie, happy birthday to my cousins, life is better with you around. Low key, reminder to be kind to yourself, especially on a holiday. Things that made me smile this week: my plants finally flowering for the third time this month. Link in bio. ☕🙏

#memories",2025-11-13T13:03:00,55,1,2402
p00257,acc_04,"Craving chocolate cake again, who is coming with me this weekend and I loved every second. Low key, spent the afternoon learning to make masala dosa with the whole family. First time trying pasta arrabbiata in Leh and I am blessed. Save this for later. 🙏🌊✨",2025-09-14T23:28:00,4967,178,80224
p00258,acc_11,"Hot take: new personal best on deadlift today, blessed. Small wins: slept eight hours ten out of ten. Rest day means stretching and a long nap, back stronger next friday with zero plans. 😂✨🙏

#healthylifestyle #workout #gym #reels",2025-03-20T11:04:00,95,3,1137
p00259,acc_01,"Okay but tried the masala dosa at my grandmother's kitchen today and it was chaotic at 6 am. Rate this mango cheesecake out of ten, be honest. Spent the afternoon learning to make matcha latte with the squad and yes it rained.",2025-03-21T03:38:00,44,1,1856
p00260,acc_05,"Morning pilates with my cousins before the sun came up would do it again. Lately, consistency over intensity, showing up for climbing again. Drop a heart if you agree.

#fitness #gym #running #fitnessmotivation #workout #instagood #love",2024-04-21T16:37:00,132,6,2182
p00261,acc_01,"So yes, missing the sunny mornings at the old fort which nobody expected. Guess what, got lost in the lanes of Jaipur and found a hidden waterfall. Packing light for Hampi tomorrow morning, any recommendations. 🙏❤️",2024-08-28T11:07:00,54,2,1856
p00262,acc_01,"Got lost in the lanes of Mumbai and found a quiet beach shack. Honestly, chasing sunsets at the riverside ghats, nostalgic.

#travel #travelgram #explorepage #reels",2025-12-18T18:22:00,106,5,1856
p00263,acc_00,"Proof that tried the banana bread at the street stall outside college today and it was underrated. Ngl, homemade filter coffee for a midnight snack, recipe coming soon after a long week. Let know in the comments.

#instafood #yummy #reels",2025-09-09T11:18:00,64,2,2742
p00264,acc_11,"Rewearing my favourite block print kurta because outfit repeating is cool. Lately, closet clean out done, kept only white sneakers and kolhapuri chappals. Thank you for the love. 😍😂

#fashion #style #thrift #ethnicwear #explorepage #love",2024-06-30T14:17:00,58,1,1137
p00265,acc_09,"Fun fact: new personal best on deadlift today, grateful right before the rain. Guess what, rest day means a slow walk and good food, back stronger this weekend. Drop a heart if you agree. @travelwithriya https://shop.example.in/p/283

#running #gym #healthylifestyle #workout #fitness #love",2024-10-03T23:24:00,58,3,916
p00266,acc_11,"Swapped my evening scroll for a swim session and feel delicious. Day 50 of my strength block, legs are done for in record time. Thank you for the love.

#healthylifestyle #workout #yoga #running",2025-05-17T12:44:00,80,1,1137
p00267,acc_11,"Nothing beats tiramisu on a chilly rainy evening in record time. Proof that tried the tiramisu at a tiny cafe near the station today and it was simple. Tag someone who needs this.

#homemade #yummy #foodie #love #reels",2024-03-02T16:26:00,58,2,1137
p00268,acc_02,"Things that made me smile this week: rain after a long summer and yes it rained. Finally, happy birthday to the whole family, life is better with you around. Little update: some days you just need long walks and my sister right before the rain. Tag someone who needs this.",2024-11-23T18:43:00,52,0,2402
p00269,acc_05,"Okay so sage green is my colour this season, fight me. Closet clean out done, kept only jhumkas and round glasses. Okay so getting ready for brunch with my best friend. What do you think?

#fashion #ethnicwear #thrift",2024-07-13T03:49:00,23,0,2182
p00270,acc_00,"Styling one cotton dress three different ways, different which one wins filter needed. Closet clean out done, kept only ready jacket and a is bun at 6 am. Hot take: rewearing my favourite tie dye tee because outfit repeating is cool. Thank you for the love. 🛍️💪 @mom

#thrift #ethnicwear #outfitinspo #style #love #explorepage",2025-06-27T15:12:00,52,3,2742
p00271,acc_05,"Today, chasing sunsets at a quiet beach shack, recharged. not Got lost in the lanes of Mumbai and the every believe promenade. Update: road trip to Goa done, in stop and Manali I not okay. Thank you for the love. 🌊 @mom

#wanderlust #travelgram #explore #roadtrip #reels",2024-12-29T17:55:00,170,8,2182
p00272,acc_01,"Tried the vada pav at the street stall outside college today and it was lovely with a playlist on loop. First time trying filter coffee in Shimla and I am motivated and the photos do not do it justice. Spent the afternoon learning to make biryani with my roommates. Save this for later. 🙌🛍️✨ https://shop.example.in/p/504

#desifood #instafood #explorepage #love",2025-01-20T13:42:00,78,1,1856
p00273,acc_11,"Plot twist: meet the hands behind our soy candles, the artisans from Mumbai and I loved every second. Free shipping across India on crochet tops this week only thanks to you all. So yes, every block print tote bags is handmade in our tiny workshop, thank you for supporting small business. Tag someone who needs this. ❤️☕",2025-07-27T06:04:00,93,1,1137
p00274,acc_04,"Hot take: closet clean out done, kept only cotton dress and kolhapuri chappals. So yes, outfit of the day: oversized hoodie with gold hoops, simple but magical. Wore my mother's oversized hoodie to diwali night and got so many compliments. Let me know in the comments. @chef_ankit

#outfitinspo #thrift #fashion #ootd #style",2024-02-21T14:20:00,10224,580,80224
p00275,acc_09,"Can confirm, new personal best on pull ups today, motivated. Morning pilates with the team before the sun came up and it was worth it. Fun fact: swapped my evening scroll for a cycling session and feel delicious. More soon.

#fitnessmotivation #healthylifestyle #running #reels",2025-12-12T02:08:00,17,0,916
p00276,acc_00,"Road trip to Pondicherry done, next stop Jaipur as always. Lately, chasing sunsets at the night market, motivated. Sunday thoughts: packing light for Bengaluru this sunday, any recommendations and I loved every second. Thank you for the love. ❤️

#explore #instagood",2025-05-30T09:26:00,109,1,2742
p00277,acc_05,"Our new sourdough bread is finally on the menu, come try it before the month ends. First time trying matcha latte in Udaipur and I am tired but happy. Nothing beats banana bread on a foggy monday. Share with your friends.

#foodie #yummy #streetfood #food #foodblogger",2024-09-28T02:41:00,76,2,2182
p00278,acc_00,"Chasing sunsets at the tea gardens, motivated thanks to you all. Packing light for Shimla before the month ends, any recommendations as always. Missing the humid mornings at a quiet beach shack while the city slept. ❤️✨🙌

#incredibleindia #mountains #explorepage #photooftheday",2024-05-03T10:00:00,285,10,2742
p00279,acc_02,"CAN CONFIRM, THROWBACK TO OUR FIRST TRIP TOGETHER, FEELS LIKE YESTERDAY FOR THE VERY TIME. A STORMY BUSY TUESDAY, OLD BOLLYWOOD SONGS AND AN OLD PLAYLIST TEN A OF TEN.

#mood #life #instagood",2025-08-21T03:40:00,141,2,2402
p00280,acc_07,"Some days you just need a warm blanket and my college gang in record time. A foggy busy tuesday, old bollywood songs and an old playlist. More soon. 🌊💪

#weekend #selflove #explorepage #reels",2024-12-30T06:50:00,155,3,1435
p00281,acc_06,"Things that made me smile this week: street dogs napping in the sun on a budget. Finally finished reading twenty books this year, tired but happy. Some days you just need a good book and the whole family no filter needed. 🌊

#weekend #life #throwback #grateful #love",2025-06-29T03:03:00,65,1,1617
p00282,acc_06,"Ngl, homemade pani puri for evening chai, recipe coming soon. Low key, our new pani puri is finally on the menu, come try it next friday. Nothing beats pani puri on a foggy rainy evening. More soon.

#yummy #desifood #instagood",2025-01-27T11:04:00,144,2,1617
p00283,acc_07,"Rate this hyderabadi out of be who honest. Nething beats butter on a sunny Tag holiday. someone who thss. needs 🙏☕

#homemade #instafood #foodblogger #yummy #foodie #love #instagood",2025-10-01T20:37:00,45,0,1435
p00284,acc_05,"Outfit of the day: leather boots with round glasses, simple but perfect ten out of ten. Quick one: getting ready for a family dinner with my parents and it was worth it. Finally, thrifted this vintage blazer for almost nothing, cannot stop wearing it low key obsessed. Stay tuned. 🙌😍

#style #ootd #outfitinspo #thrift #fashion #reels #explorepage",2024-10-16T00:50:00,70,1,2182
p00285,acc_04,"Styling one leather boots three different ways, which one wins. Again, rewearing my favourite tie dye tee because outfit repeating is cool and the photos do not do it justice. Thrifted this cotton dress for almost nothing, cannot stop wearing it for the third time this month. 🛍️

#outfitinspo #ootd #reels #instagood",2024-02-28T15:03:00,2436,40,80224
p00286,acc_06,"Tried the hyderabadi haleem at the street stall outside college today and it was delicious for the very first time. Craving matcha latte again, who is coming with me tomorrow morning as always. Stay tuned. 💪😂🌸",2024-08-21T11:19:00,77,3,1617
p00287,acc_07,"Not gonna lie, woke up to this view in Shimla and still cannot believe it ten out of ten. Real talk, got lost in the lanes of Kochi and found the night market would do it again. If you visit Mumbai, do not miss a hilltop temple. More soon. 🔥🙌🌸 @bestie

#wanderlust #travel #beach #explore #love #photooftheday",2025-01-22T02:22:00,23,0,1435
p00288,acc_07,"Behind the scenes of packing 35 orders of macrame plant hangers today and I loved every second. Every scented soaps is handmade in our tiny workshop, thank you for supporting small business after a long week. Restocked: beaded bracelets is back in all sizes, order before it sells out after a long week. 🌸☕✨

#shopsmall #madeinindia",2024-07-04T14:08:00,21,0,1435
p00289,acc_06,"Free shipping across India on macrame plant hangers this week only. Finally, restocked: block print tote bags is back in all sizes, order before it sells out with zero plans. Meet the hands behind our scented soaps, the artisans from Shimla while the city slept. What do you think? 💪✨🙌 @mom

#supportlocal #handmade #shopsmall #reels #love",2025-07-20T07:14:00,48,0,1617
p00290,acc_01,"Today, happy birthday to my roommates, life is better with you around. Proof that throwback to the summer we learnt to swim, feels like yesterday and yes it rained. Honestly, a rainy quiet morning, maggi at midnight and an old playlist. Share with your friends.

#weekend",2025-05-16T03:53:00,78,2,1856
p00291,acc_10,"Real talk, throwback to the night we got stuck in the rain, feels like yesterday. Story time: finally finished reading twenty books this year, grateful. Again, things that made me smile this week: a stranger's compliment with zero plans.

#memories #mood #instagood",2024-12-10T10:26:00,2092,26,72852
p00292,acc_05,"PSA: things that made me smile this week: a stranger's compliment. Some days you just need maggi at midnight and my best friend. Throwback to the night we got stuck in the rain, feels like yesterday. Stay tuned. ❤️

#throwback #grateful #memories #life #selflove #love #reels",2024-01-12T16:37:00,40,1,2182
p00293,acc_04,"Rewearing my favourite tie dye tee because outfit repeating is cool no filter needed. Little update: getting ready for diwali night with my cousins. Let me know in the comments.

#sustainablefashion #thrift #style #ootd #photooftheday",2025-02-15T00:25:00,3674,126,80224
p00294,acc_06,"Ngl, flat 40 percent off on soy candles till next friday, link in bio thanks to you all. Lately, launching our winter collection tonight, set your reminders. More soon.",2024-09-29T03:14:00,68,1,1617
p00295,acc_01,"Consistency over intensity, showing up for climbing again. Okay so day 40 of my 75 day challenge, legs are done for. Rest day means foam rolling and podcasts, back stronger before the month ends. 🔥🙌

#yoga",2025-01-18T19:03:00,98,5,1856
p00296,acc_03,"Thrifted this block print kurta for almost nothing, cannot stop wearing it. Okay but lavender is my colour this season, fight me with a playlist on loop. So yes, wore my mother's cotton dress to my cousin's sangeet and got so many compliments. 💪😍 @mom

#sustainablefashion #fashion #love #reels",2025-11-21T03:45:00,33,1,1420
p00297,acc_01,"Low key, closet clean out done, kept only denim jacket and gold hoops. Thrifted this leather boots for almost nothing, cannot stop wearing it. Rewearing my favourite white sneakers because outfit repeating is cool. Share with your friends. 🙌😂

#ootd #fashion #love #instagood",2024-09-20T20:59:00,34,0,1856
p00298,acc_09,"Finally, road trip to Jaipur done, next stop Shimla. Got lost in the lanes of Bengaluru and found the riverside ghats. More soon.

#beach",2024-06-24T10:25:00,43,0,916
p00299,acc_00,"Finally, things that made me smile this week: rain after a long summer. Quietly proud of my first half marathon on a whim. What do you think? 😂 @mom

#selflove #grateful #life #weekend #mood",2025-02-02T20:09:00,83,4,2742
