bands,rows,bin_lo,bin_hi,n_pairs,measured,theory
8,16,0.2,0.25,74062,0.0,0.0
8,16,0.25,0.3,34999,0.0,0.0
8,16,0.3,0.35,15109,0.0,0.0
8,16,0.35,0.4,5692,0.0,0.0
8,16,0.4,0.45,2121,0.0,0.0
8,16,0.45,0.5,705,0.0,0.0001
8,16,0.5,0.55,239,0.0,0.0003
8,16,0.55,0.6,105,0.0,0.0012
8,16,0.6,0.65,70,0.0,0.0044
8,16,0.65,0.7,94,0.0,0.0159
8,16,0.7,0.75,85,0.0353,0.0492
8,16,0.75,0.8,78,0.141,0.1286
8,16,0.8,0.85,87,0.3678,0.3295
8,16,0.85,0.9,57,0.6667,0.6287
8,16,0.9,0.95,52,0.9038,0.9112
8,16,0.95,1.0,27,1.0,0.9972
16,8,0.2,0.25,74062,0.0,0.0001
16,8,0.25,0.3,34999,0.0004,0.0005
16,8,0.3,0.35,15109,0.0011,0.0019
16,8,0.35,0.4,5692,0.0016,0.0059
16,8,0.4,0.45,2121,0.0075,0.016
16,8,0.45,0.5,705,0.0355,0.0391
16,8,0.5,0.55,239,0.0586,0.0847
16,8,0.55,0.6,105,0.1143,0.1757
16,8,0.6,0.65,70,0.2571,0.3116
16,8,0.65,0.7,94,0.4255,0.5107
16,8,0.7,0.75,85,0.6588,0.7232
16,8,0.75,0.8,78,0.859,0.8846
16,8,0.8,0.85,87,0.977,0.9777
16,8,0.85,0.9,57,1.0,0.9982
16,8,0.9,0.95,52,1.0,1.0
16,8,0.95,1.0,27,1.0,1.0
32,4,0.2,0.25,74062,0.0598,0.0767
32,4,0.25,0.3,34999,0.1356,0.1631
32,4,0.3,0.35,15109,0.2648,0.292
32,4,0.35,0.4,5692,0.4325,0.4576
32,4,0.4,0.45,2121,0.5955,0.6366
32,4,0.45,0.5,705,0.7759,0.7991
32,4,0.5,0.55,239,0.8996,0.9112
32,4,0.55,0.6,105,0.981,0.9729
32,4,0.6,0.65,70,0.9857,0.9941
32,4,0.65,0.7,94,1.0,0.9993
32,4,0.7,0.75,85,1.0,1.0
32,4,0.75,0.8,78,1.0,1.0
32,4,0.8,0.85,87,1.0,1.0
32,4,0.85,0.9,57,1.0,1.0
32,4,0.9,0.95,52,1.0,1.0
32,4,0.95,1.0,27,1.0,1.0
64,2,0.2,0.25,74062,0.9493,0.9578
64,2,0.25,0.3,34999,0.9877,0.9918
64,2,0.3,0.35,15109,0.9979,0.9989
64,2,0.35,0.4,5692,0.9996,0.9999
64,2,0.4,0.45,2121,1.0,1.0
64,2,0.45,0.5,705,1.0,1.0
64,2,0.5,0.55,239,1.0,1.0
64,2,0.55,0.6,105,1.0,1.0
64,2,0.6,0.65,70,1.0,1.0
64,2,0.65,0.7,94,1.0,1.0
64,2,0.7,0.75,85,1.0,1.0
64,2,0.75,0.8,78,1.0,1.0
64,2,0.8,0.85,87,1.0,1.0
64,2,0.85,0.9,57,1.0,1.0
64,2,0.9,0.95,52,1.0,1.0
64,2,0.95,1.0,27,1.0,1.0
