seed,n,n_compared,n_flagged,n_exact_groups,shingle,min_shingles,bands,rows,threshold,verify,prep_ms,signature_ms,lsh_ms,verify_ms,lsh_total_ms,n_candidates,all_pairs,lsh_pairs,brute_ms,brute_sig_ms,brute_pairs,recall,precision,label_precision,label_recall,label_f1,id_collisions,max_jaccard_diff
42,2000,1985,0,14,char4,10,32,4,0.4,exact,502.8,391.2,89.4,155.2,635.8,10983,1969120,1385,12972.6,354.2,1861,0.7442,1.0,0.2243,1.0,0.3665,,
42,2000,1985,0,14,char5,10,32,4,0.4,exact,482.0,356.5,104.8,111.8,573.1,10087,1969120,893,12406.0,436.5,1140,0.7833,1.0,0.3534,0.9966,0.5217,,
42,2000,1985,0,14,char6,10,32,4,0.4,exact,444.4,377.7,85.5,81.5,544.7,6384,1969120,654,11972.7,373.2,802,0.8155,1.0,0.4682,0.9729,0.6322,,
42,2000,1985,0,14,word2,3,32,4,0.4,exact,123.5,79.9,73.8,9.5,163.2,3470,1969120,374,2022.3,325.4,441,0.8481,1.0,0.7087,0.8576,0.7761,,
42,2000,1985,0,14,word3,3,32,4,0.4,exact,117.8,77.7,67.5,3.5,148.7,1423,1969120,194,1891.8,387.2,225,0.8622,1.0,0.934,0.6237,0.748,,
42,2000,1985,0,14,char4,10,32,4,0.45,exact,437.4,383.9,89.6,128.6,602.1,10983,1969120,784,12630.8,368.9,862,0.9095,1.0,0.4184,1.0,0.59,,
42,2000,1985,0,14,char5,10,32,4,0.45,exact,464.2,364.4,102.9,113.3,580.6,10087,1969120,572,12345.3,350.7,623,0.9181,1.0,0.5753,0.9966,0.7295,,
42,2000,1985,0,14,char6,10,32,4,0.45,exact,546.3,360.4,73.1,76.9,510.4,6384,1969120,453,12009.3,309.8,494,0.917,1.0,0.6908,0.9695,0.8068,,
42,2000,1985,0,14,word2,3,32,4,0.45,exact,119.9,79.0,68.5,8.2,155.7,3470,1969120,282,1991.0,372.9,302,0.9338,1.0,0.8686,0.8068,0.8366,,
42,2000,1985,0,14,word3,3,32,4,0.45,exact,122.4,80.8,71.7,3.6,156.1,1423,1969120,156,1842.0,364.0,164,0.9512,1.0,1.0,0.5525,0.7118,,
42,2000,1985,0,14,char4,10,32,4,0.5,exact,484.9,378.9,89.4,136.6,604.9,10983,1969120,540,12649.9,314.9,552,0.9783,1.0,0.6427,1.0,0.7825,,
42,2000,1985,0,14,char5,10,32,4,0.5,exact,498.5,345.9,61.7,115.5,523.1,10087,1969120,418,12259.6,380.9,422,0.9905,1.0,0.8022,0.9898,0.8862,,
42,2000,1985,0,14,char6,10,32,4,0.5,exact,509.3,343.3,70.3,73.3,486.9,6384,1969120,351,11760.7,362.4,361,0.9723,1.0,0.8692,0.9458,0.9058,,
42,2000,1985,0,14,word2,3,32,4,0.5,exact,122.7,80.4,71.4,8.6,160.4,3470,1969120,229,1952.3,382.2,237,0.9662,1.0,0.9688,0.7356,0.8362,,
42,2000,1985,0,14,word3,3,32,4,0.5,exact,133.4,82.3,74.7,3.7,160.7,1423,1969120,132,1931.4,339.7,134,0.9851,1.0,1.0,0.4746,0.6437,,
42,2000,1985,0,14,char4,10,32,4,0.55,exact,412.5,367.4,90.8,149.0,607.2,10983,1969120,401,12764.9,331.1,402,0.9975,1.0,0.878,1.0,0.935,,
42,2000,1985,0,14,char5,10,32,4,0.55,exact,423.6,375.6,73.4,120.6,569.6,10087,1969120,346,12277.0,360.6,347,0.9971,1.0,0.9256,0.9695,0.947,,
42,2000,1985,0,14,char6,10,32,4,0.55,exact,451.4,366.0,76.7,94.7,537.4,6384,1969120,284,11546.9,356.6,286,0.993,1.0,0.9556,0.8746,0.9133,,
42,2000,1985,0,14,word2,3,32,4,0.55,exact,117.2,77.6,66.0,8.2,151.8,3470,1969120,186,1909.8,367.0,190,0.9789,1.0,1.0,0.6339,0.7759,,
42,2000,1985,0,14,word3,3,32,4,0.55,exact,119.5,79.9,99.8,5.0,184.7,1423,1969120,104,1946.8,341.2,105,0.9905,1.0,1.0,0.3898,0.561,,
42,2000,1985,0,14,char4,10,32,4,0.6,exact,378.3,363.3,87.5,125.8,576.6,10983,1969120,354,12851.8,320.7,355,0.9972,1.0,0.9539,0.9831,0.9683,,
42,2000,1985,0,14,char5,10,32,4,0.6,exact,392.9,387.8,110.5,130.9,629.2,10087,1969120,286,12583.8,322.1,286,1.0,1.0,0.9814,0.8949,0.9362,,
42,2000,1985,0,14,char6,10,32,4,0.6,exact,454.2,356.8,74.4,77.0,508.2,6384,1969120,236,11580.3,317.0,237,0.9958,1.0,0.9956,0.7729,0.8702,,
42,2000,1985,0,14,word2,3,32,4,0.6,exact,129.6,82.5,70.2,7.9,160.6,3470,1969120,151,2199.9,320.8,152,0.9934,1.0,1.0,0.5322,0.6947,,
42,2000,1985,0,14,word3,3,32,4,0.6,exact,117.1,76.6,66.1,3.9,146.6,1423,1969120,92,1996.6,353.2,92,1.0,1.0,1.0,0.3593,0.5287,,
42,2000,1985,0,14,char4,10,32,4,0.65,exact,440.7,392.8,94.8,129.1,616.7,10983,1969120,307,13040.1,357.6,307,1.0,1.0,0.9892,0.9356,0.9617,,
42,2000,1985,0,14,char5,10,32,4,0.65,exact,458.9,370.7,66.4,134.0,571.1,10087,1969120,238,13187.5,335.2,238,1.0,1.0,0.9957,0.7763,0.8724,,
42,2000,1985,0,14,char6,10,32,4,0.65,exact,442.1,350.1,68.9,74.8,493.8,6384,1969120,185,11593.3,391.5,185,1.0,1.0,1.0,0.6271,0.7708,,
42,2000,1985,0,14,word2,3,32,4,0.65,exact,164.4,89.5,75.2,8.1,172.8,3470,1969120,114,2103.0,419.4,114,1.0,1.0,1.0,0.4271,0.5986,,
42,2000,1985,0,14,word3,3,32,4,0.65,exact,174.2,89.9,71.0,3.3,164.2,1423,1969120,64,2176.5,342.0,64,1.0,1.0,1.0,0.2678,0.4225,,
1,2000,1987,0,13,char4,10,32,4,0.4,exact,489.4,423.6,114.8,213.4,751.8,13681,1973091,1394,12889.9,381.5,1793,0.7775,1.0,0.2173,1.0,0.3571,,
1,2000,1987,0,13,char5,10,32,4,0.4,exact,434.5,349.7,96.7,77.7,524.1,6782,1973091,890,13068.1,375.2,1144,0.778,1.0,0.3463,0.993,0.5136,,
1,2000,1987,0,13,char6,10,32,4,0.4,exact,445.7,387.3,69.0,73.5,529.8,5889,1973091,677,12989.2,347.3,822,0.8236,1.0,0.4499,0.9895,0.6186,,
1,2000,1987,0,13,word2,3,32,4,0.4,exact,116.7,76.9,65.5,7.2,149.6,3048,1973091,378,1958.8,345.5,449,0.8419,1.0,0.6567,0.8427,0.7381,,
1,2000,1987,0,13,word3,3,32,4,0.4,exact,125.9,80.4,69.1,3.9,153.4,1808,1973091,191,1972.1,342.3,210,0.9095,1.0,0.8586,0.5944,0.7025,,
1,2000,1987,0,13,char4,10,32,4,0.45,exact,434.2,426.1,166.0,184.0,776.1,13681,1973091,812,12549.1,333.7,889,0.9134,1.0,0.3945,1.0,0.5658,,
1,2000,1987,0,13,char5,10,32,4,0.45,exact,401.3,371.6,68.2,78.9,518.7,6782,1973091,574,13078.6,378.6,629,0.9126,1.0,0.5591,0.993,0.7154,,
1,2000,1987,0,13,char6,10,32,4,0.45,exact,495.1,400.7,123.8,96.6,621.1,5889,1973091,467,12157.6,313.7,497,0.9396,1.0,0.6604,0.986,0.791,,
1,2000,1987,0,13,word2,3,32,4,0.45,exact,132.8,93.5,71.8,9.6,174.9,3048,1973091,272,2024.0,339.5,292,0.9315,1.0,0.8358,0.7832,0.8087,,
1,2000,1987,0,13,word3,3,32,4,0.45,exact,172.9,91.1,86.0,6.2,183.3,1808,1973091,152,1968.4,345.8,160,0.95,1.0,0.9255,0.521,0.6667,,
1,2000,1987,0,13,char4,10,32,4,0.5,exact,422.9,401.4,113.3,178.9,693.6,13681,1973091,542,12520.2,312.3,554,0.9783,1.0,0.6258,1.0,0.7699,,
1,2000,1987,0,13,char5,10,32,4,0.5,exact,415.6,356.6,69.5,83.3,509.4,6782,1973091,417,13404.4,357.6,426,0.9789,1.0,0.7738,0.993,0.8698,,
1,2000,1987,0,13,char6,10,32,4,0.5,exact,612.9,347.5,69.9,69.8,487.2,5889,1973091,342,12187.9,375.1,352,0.9716,1.0,0.8603,0.9476,0.9018,,
1,2000,1987,0,13,word2,3,32,4,0.5,exact,121.9,78.9,69.3,11.2,159.4,3048,1973091,215,1992.0,323.8,221,0.9729,1.0,0.8935,0.6748,0.7689,,
1,2000,1987,0,13,word3,3,32,4,0.5,exact,138.0,87.1,70.9,4.0,162.0,1808,1973091,143,1886.9,372.2,145,0.9862,1.0,0.9412,0.5035,0.656,,
1,2000,1987,0,13,char4,10,32,4,0.55,exact,399.4,416.9,92.1,164.0,673.0,13681,1973091,410,13213.0,349.3,413,0.9927,1.0,0.8437,1.0,0.9152,,
1,2000,1987,0,13,char5,10,32,4,0.55,exact,456.6,354.9,74.1,77.6,506.6,6782,1973091,343,12317.7,331.5,343,1.0,1.0,0.9003,0.979,0.938,,
1,2000,1987,0,13,char6,10,32,4,0.55,exact,451.8,349.4,69.8,76.1,495.3,5889,1973091,274,12682.6,356.8,276,0.9928,1.0,0.9318,0.8601,0.8945,,
1,2000,1987,0,13,word2,3,32,4,0.55,exact,121.3,89.9,105.3,11.1,206.3,3048,1973091,171,2443.5,323.7,173,0.9884,1.0,0.9435,0.5839,0.7214,,
1,2000,1987,0,13,word3,3,32,4,0.55,exact,119.4,78.5,83.8,5.1,167.4,1808,1973091,111,1932.3,341.6,112,0.9911,1.0,0.9512,0.4091,0.5721,,
1,2000,1987,0,13,char4,10,32,4,0.6,exact,474.4,402.2,88.9,153.7,644.8,13681,1973091,351,12885.0,344.9,351,1.0,1.0,0.934,0.9895,0.961,,
1,2000,1987,0,13,char5,10,32,4,0.6,exact,450.7,363.4,76.0,90.2,529.6,6782,1973091,278,12169.0,358.3,278,1.0,1.0,0.9585,0.8881,0.922,,
1,2000,1987,0,13,char6,10,32,4,0.6,exact,550.8,412.7,78.1,72.7,563.5,5889,1973091,219,13042.8,358.9,220,0.9955,1.0,0.9635,0.7378,0.8356,,
1,2000,1987,0,13,word2,3,32,4,0.6,exact,183.6,90.2,86.2,9.6,186.0,3048,1973091,146,2297.3,328.5,146,1.0,1.0,0.9675,0.521,0.6773,,
1,2000,1987,0,13,word3,3,32,4,0.6,exact,121.8,80.6,71.3,4.2,156.1,1808,1973091,88,2525.5,392.3,88,1.0,1.0,0.9604,0.3392,0.5013,,
1,2000,1987,0,13,char4,10,32,4,0.65,exact,435.0,433.7,97.4,159.3,690.4,13681,1973091,298,12835.7,332.0,298,1.0,1.0,0.978,0.9336,0.9553,,
1,2000,1987,0,13,char5,10,32,4,0.65,exact,389.8,342.5,65.8,78.5,486.8,6782,1973091,224,12166.7,385.7,224,1.0,1.0,0.9729,0.7517,0.8481,,
1,2000,1987,0,13,char6,10,32,4,0.65,exact,781.9,361.8,68.7,71.2,501.7,5889,1973091,168,12807.5,356.9,168,1.0,1.0,0.9716,0.5979,0.7403,,
1,2000,1987,0,13,word2,3,32,4,0.65,exact,119.8,81.7,67.3,7.6,156.6,3048,1973091,122,2193.7,369.4,122,1.0,1.0,0.9773,0.451,0.6172,,
1,2000,1987,0,13,word3,3,32,4,0.65,exact,136.4,94.0,103.0,6.2,203.2,1808,1973091,68,2179.3,395.5,68,1.0,1.0,0.9753,0.2762,0.4305,,
2,2000,1977,0,23,char4,10,32,4,0.4,exact,598.1,398.6,99.6,149.2,647.4,11583,1953276,1253,13275.2,338.3,1597,0.7846,1.0,0.2559,1.0,0.4075,,
2,2000,1977,0,23,char5,10,32,4,0.4,exact,414.0,400.9,111.5,92.5,604.9,7726,1953276,809,12252.1,344.4,998,0.8106,1.0,0.3984,0.9967,0.5693,,
2,2000,1977,0,23,char6,10,32,4,0.4,exact,429.2,357.5,77.4,61.3,496.2,4423,1953276,583,11175.2,297.7,729,0.7997,1.0,0.5501,0.9902,0.7073,,
2,2000,1977,0,23,word2,3,32,4,0.4,exact,117.3,77.4,65.7,7.3,150.4,3236,1953276,370,1951.9,297.9,430,0.8605,1.0,0.7363,0.8787,0.8012,,
2,2000,1977,0,23,word3,3,32,4,0.4,exact,116.5,75.8,64.7,4.0,144.5,1832,1953276,207,1748.5,304.1,236,0.8771,1.0,0.8986,0.6393,0.7471,,
2,2000,1977,0,23,char4,10,32,4,0.45,exact,451.5,368.1,93.7,128.6,590.4,11583,1953276,717,12821.5,335.5,781,0.9181,1.0,0.4758,1.0,0.6448,,
2,2000,1977,0,23,char5,10,32,4,0.45,exact,558.0,383.9,117.9,110.8,612.6,7726,1953276,513,12354.0,373.2,553,0.9277,1.0,0.6502,0.9934,0.786,,
2,2000,1977,0,23,char6,10,32,4,0.45,exact,438.1,334.3,66.0,49.1,449.4,4423,1953276,419,10911.0,307.0,450,0.9311,1.0,0.7673,0.9836,0.8621,,
2,2000,1977,0,23,word2,3,32,4,0.45,exact,152.0,76.7,63.7,7.0,147.4,3236,1953276,289,1942.9,312.5,300,0.9633,1.0,0.8873,0.8262,0.8557,,
2,2000,1977,0,23,word3,3,32,4,0.45,exact,134.4,77.1,71.9,4.1,153.1,1832,1953276,164,1756.1,325.0,179,0.9162,1.0,0.9545,0.5508,0.6985,,
2,2000,1977,0,23,char4,10,32,4,0.5,exact,436.1,391.7,87.3,129.1,608.1,11583,1953276,492,12960.2,333.4,500,0.984,1.0,0.7193,1.0,0.8368,,
2,2000,1977,0,23,char5,10,32,4,0.5,exact,511.0,349.0,64.8,89.3,503.1,7726,1953276,406,11918.5,348.0,413,0.9831,1.0,0.8301,0.9934,0.9045,,
2,2000,1977,0,23,char6,10,32,4,0.5,exact,512.1,360.8,66.0,51.4,478.2,4423,1953276,342,10996.3,302.9,349,0.9799,1.0,0.9031,0.9475,0.9248,,
2,2000,1977,0,23,word2,3,32,4,0.5,exact,116.2,86.0,79.9,11.0,176.9,3236,1953276,252,1915.4,343.9,257,0.9805,1.0,0.9393,0.7607,0.8406,,
2,2000,1977,0,23,word3,3,32,4,0.5,exact,146.1,100.6,78.2,6.7,185.5,1832,1953276,140,1882.5,320.8,144,0.9722,1.0,0.9805,0.4951,0.658,,
2,2000,1977,0,23,char4,10,32,4,0.55,exact,386.1,368.3,87.9,126.9,583.1,11583,1953276,398,13166.8,341.3,398,1.0,1.0,0.8786,0.9967,0.9339,,
2,2000,1977,0,23,char5,10,32,4,0.55,exact,444.0,374.9,57.3,89.1,521.3,7726,1953276,340,12313.2,315.6,340,1.0,1.0,0.9395,0.9672,0.9532,,
2,2000,1977,0,23,char6,10,32,4,0.55,exact,471.4,352.8,68.0,61.4,482.2,4423,1953276,292,12080.2,290.4,292,1.0,1.0,0.961,0.8885,0.9233,,
2,2000,1977,0,23,word2,3,32,4,0.55,exact,116.7,78.0,71.9,11.1,161.0,3236,1953276,201,2006.9,357.9,202,0.995,1.0,0.9853,0.659,0.7898,,
2,2000,1977,0,23,word3,3,32,4,0.55,exact,118.8,81.9,74.0,4.3,160.2,1832,1953276,112,2040.3,330.5,112,1.0,1.0,0.9846,0.4197,0.5885,,
2,2000,1977,0,23,char4,10,32,4,0.6,exact,392.4,380.7,90.3,139.8,610.8,11583,1953276,350,12890.9,319.3,350,1.0,1.0,0.9615,0.9836,0.9724,,
2,2000,1977,0,23,char5,10,32,4,0.6,exact,413.1,369.2,84.1,93.3,546.6,7726,1953276,296,12091.2,330.4,296,1.0,1.0,0.9754,0.9115,0.9424,,
2,2000,1977,0,23,char6,10,32,4,0.6,exact,440.6,392.8,128.0,67.4,588.2,4423,1953276,253,11691.2,382.6,253,1.0,1.0,0.9758,0.7934,0.8752,,
2,2000,1977,0,23,word2,3,32,4,0.6,exact,138.3,84.4,77.4,7.8,169.6,3236,1953276,160,1986.6,330.5,160,1.0,1.0,0.9882,0.5508,0.7074,,
2,2000,1977,0,23,word3,3,32,4,0.6,exact,145.8,77.8,66.1,3.9,147.8,1832,1953276,81,2092.9,341.2,81,1.0,1.0,0.9901,0.3279,0.4926,,
2,2000,1977,0,23,char4,10,32,4,0.65,exact,426.9,375.4,92.0,139.1,606.5,11583,1953276,316,13187.9,321.4,316,1.0,1.0,0.9797,0.9475,0.9633,,
2,2000,1977,0,23,char5,10,32,4,0.65,exact,478.1,396.5,69.3,98.6,564.4,7726,1953276,256,12694.0,370.1,256,1.0,1.0,0.988,0.8098,0.8901,,
2,2000,1977,0,23,char6,10,32,4,0.65,exact,497.8,376.3,82.8,62.6,521.7,4423,1953276,202,11531.5,326.0,202,1.0,1.0,0.9903,0.6689,0.7984,,
2,2000,1977,0,23,word2,3,32,4,0.65,exact,122.5,83.4,64.8,8.3,156.5,3236,1953276,126,1924.0,321.8,126,1.0,1.0,0.993,0.4623,0.6309,,
2,2000,1977,0,23,word3,3,32,4,0.65,exact,117.3,79.0,78.7,4.0,161.7,1832,1953276,63,1821.5,313.4,63,1.0,1.0,1.0,0.2754,0.4319,,
3,2000,1983,0,15,char4,10,32,4,0.4,exact,414.2,360.4,115.8,118.8,595.0,10032,1965153,1270,13358.4,375.5,1670,0.7605,1.0,0.2635,1.0,0.4171,,
3,2000,1983,0,15,char5,10,32,4,0.4,exact,619.3,401.2,110.8,164.4,676.4,10946,1965153,912,14311.7,392.6,1101,0.8283,1.0,0.3793,0.9968,0.5495,,
3,2000,1983,0,15,char6,10,32,4,0.4,exact,482.7,422.1,110.2,107.9,640.2,6655,1965153,676,13538.1,357.8,805,0.8398,1.0,0.5033,0.9872,0.6667,,
3,2000,1983,0,15,word2,3,32,4,0.4,exact,142.8,87.3,67.9,7.8,163.0,3370,1965153,402,2019.9,383.4,487,0.8255,1.0,0.7439,0.8846,0.8082,,
3,2000,1983,0,15,word3,3,32,4,0.4,exact,192.6,99.4,91.5,3.3,194.2,1271,1965153,229,2185.8,478.3,255,0.898,1.0,0.9397,0.6987,0.8015,,
3,2000,1983,0,15,char4,10,32,4,0.45,exact,478.1,393.9,99.3,125.6,618.8,10032,1965153,774,13512.9,407.0,858,0.9021,1.0,0.4575,1.0,0.6278,,
3,2000,1983,0,15,char5,10,32,4,0.45,exact,506.3,386.1,98.7,159.6,644.4,10946,1965153,581,14185.1,324.4,607,0.9572,1.0,0.6258,0.9968,0.7689,,
3,2000,1983,0,15,char6,10,32,4,0.45,exact,518.5,398.1,117.5,100.8,616.4,6655,1965153,457,12883.9,342.1,485,0.9423,1.0,0.7586,0.9872,0.8579,,
3,2000,1983,0,15,word2,3,32,4,0.45,exact,150.2,86.1,102.2,12.5,200.8,3370,1965153,309,2196.9,341.2,338,0.9142,1.0,0.9141,0.8526,0.8823,,
3,2000,1983,0,15,word3,3,32,4,0.45,exact,133.8,90.0,76.9,3.9,170.8,1271,1965153,194,2014.9,376.6,202,0.9604,1.0,0.9749,0.6218,0.7593,,
3,2000,1983,0,15,char4,10,32,4,0.5,exact,461.2,406.8,91.3,130.6,628.7,10032,1965153,517,12824.5,434.2,529,0.9773,1.0,0.7256,1.0,0.841,,
3,2000,1983,0,15,char5,10,32,4,0.5,exact,551.2,391.2,82.5,166.3,640.0,10946,1965153,438,13771.8,338.1,440,0.9955,1.0,0.8271,0.9968,0.9041,,
3,2000,1983,0,15,char6,10,32,4,0.5,exact,506.7,366.5,80.5,81.8,528.8,6655,1965153,371,13274.2,384.7,379,0.9789,1.0,0.8912,0.9712,0.9294,,
3,2000,1983,0,15,word2,3,32,4,0.5,exact,148.3,97.5,107.5,12.2,217.2,3370,1965153,268,1951.8,394.8,277,0.9675,1.0,0.9615,0.8013,0.8741,,
3,2000,1983,0,15,word3,3,32,4,0.5,exact,155.6,87.8,67.2,3.4,158.4,1271,1965153,155,1980.5,382.9,157,0.9873,1.0,0.9879,0.5224,0.6834,,
3,2000,1983,0,15,char4,10,32,4,0.55,exact,497.3,389.5,130.1,134.9,654.5,10032,1965153,426,13000.6,354.2,428,0.9953,1.0,0.8839,1.0,0.9383,,
3,2000,1983,0,15,char5,10,32,4,0.55,exact,414.1,359.5,71.0,122.7,553.2,10946,1965153,368,13005.4,414.2,369,0.9973,1.0,0.9362,0.9872,0.961,,
3,2000,1983,0,15,char6,10,32,4,0.55,exact,622.1,529.2,89.5,93.1,711.8,6655,1965153,320,12977.9,364.9,325,0.9846,1.0,0.9599,0.9199,0.9394,,
3,2000,1983,0,15,word2,3,32,4,0.55,exact,118.7,79.2,76.5,7.8,163.5,3370,1965153,215,1976.0,334.4,218,0.9862,1.0,0.9815,0.6795,0.803,,
3,2000,1983,0,15,word3,3,32,4,0.55,exact,156.3,95.2,65.7,3.1,164.0,1271,1965153,125,1802.9,339.0,126,0.9921,1.0,1.0,0.4455,0.6164,,
3,2000,1983,0,15,char4,10,32,4,0.6,exact,427.2,428.9,97.3,136.5,662.7,10032,1965153,379,13330.3,344.9,379,1.0,1.0,0.9571,1.0,0.9781,,
3,2000,1983,0,15,char5,10,32,4,0.6,exact,508.8,369.3,94.3,132.7,596.3,10946,1965153,330,13220.0,485.3,330,1.0,1.0,0.977,0.9519,0.9643,,
3,2000,1983,0,15,char6,10,32,4,0.6,exact,808.1,424.3,125.9,92.0,642.2,6655,1965153,271,13036.1,358.1,273,0.9927,1.0,0.9886,0.8365,0.9062,,
3,2000,1983,0,15,word2,3,32,4,0.6,exact,124.4,80.1,71.3,8.0,159.4,3370,1965153,177,1948.3,369.4,180,0.9833,1.0,0.9946,0.5865,0.7379,,
3,2000,1983,0,15,word3,3,32,4,0.6,exact,117.9,78.8,69.0,3.3,151.1,1271,1965153,107,1780.0,310.8,107,1.0,1.0,1.0,0.391,0.5622,,
3,2000,1983,0,15,char4,10,32,4,0.65,exact,551.6,406.2,89.3,113.4,608.9,10032,1965153,333,13155.9,345.8,333,1.0,1.0,0.9934,0.9615,0.9772,,
3,2000,1983,0,15,char5,10,32,4,0.65,exact,438.0,343.2,80.1,126.7,550.0,10946,1965153,278,13060.5,540.1,278,1.0,1.0,0.9926,0.859,0.921,,
3,2000,1983,0,15,char6,10,32,4,0.65,exact,573.3,423.8,87.7,90.9,602.4,6655,1965153,220,12820.1,343.6,220,1.0,1.0,1.0,0.7083,0.8293,,
3,2000,1983,0,15,word2,3,32,4,0.65,exact,121.6,100.5,73.6,8.3,182.4,3370,1965153,138,1940.9,414.1,138,1.0,1.0,1.0,0.4808,0.6494,,
3,2000,1983,0,15,word3,3,32,4,0.65,exact,141.7,81.2,92.8,4.1,178.1,1271,1965153,83,1847.2,312.0,83,1.0,1.0,1.0,0.3173,0.4818,,
